date,min,max
2015-01-01,-12.031,8.858
2015-01-02,-13.136,9.459
2015-01-03,-13.976,9.593
2015-01-04,-14.134,9.908
2015-01-05,-14.085,10.335
2015-01-06,-13.806,9.734
2015-01-07,-13.911,9.18
2015-01-08,-13.241,9.085
2015-01-09,-11.804,9.226
2015-01-10,-10.525,8.497
2015-01-11,-9.117,8.018
2015-01-12,-7.208,7.562
2015-01-13,-5.39,7.464
2015-01-14,-6.024,6.949
2015-01-15,-6.565,8.12
2015-01-16,-8.953,8.629
2015-01-17,-11.073,9.488
2015-01-18,-13.146,10.44
2015-01-19,-14.859,11.352
2015-01-20,-14.856,12.812
2015-01-21,-15.125,13.215
2015-01-22,-15.177,12.917
2015-01-23,-14.711,12.795
2015-01-24,-13.796,12.208
2015-01-25,-12.264,11.339
2015-01-26,-10.745,9.79
2015-01-27,-9.39,8.816
2015-01-28,-9.147,7.936
2015-01-29,-10.049,7.32
2015-01-30,-11.283,7.172
2015-01-31,-11.739,7.779
2015-02-01,-12.543,8.852
2015-02-02,-13.182,9.642
2015-02-03,-13.471,9.554
2015-02-04,-13.376,9.547
2015-02-05,-13.245,9.564
2015-02-06,-12.628,9.498
2015-02-07,-11.936,9.567
2015-02-08,-10.955,8.891
2015-02-09,-9.472,8.675
2015-02-10,-8.389,7.854
2015-02-11,-6.906,8.163
2015-02-12,-7.175,7.008
2015-02-13,-7.526,6.631
2015-02-14,-9.688,7.133
2015-02-15,-11.109,7.697
2015-02-16,-12.192,10.19
2015-02-17,-14.39,11.296
2015-02-18,-15.22,12.221
2015-02-19,-15.866,12.415
2015-02-20,-15.689,12.523
2015-02-21,-14.872,12.822
2015-02-22,-13.675,13.041
2015-02-23,-12.123,11.886
2015-02-24,-11.388,9.797
2015-02-25,-10.203,7.782
2015-02-26,-9.839,5.876
2015-02-27,-9.455,4.898
2015-02-28,-9.918,5.436
2015-03-01,-11.175,5.633
2015-03-02,-11.424,7.175
2015-03-03,-12.014,8.297
2015-03-04,-11.965,9.062
2015-03-05,-12.159,9.528
2015-03-06,-11.709,9.432
2015-03-07,-11.552,9.97
2015-03-08,-11.66,9.252
2015-03-09,-11.955,8.691
2015-03-10,-11.394,8.241
2015-03-11,-10.194,7.861
2015-03-12,-9.144,7.165
2015-03-13,-8.737,6.204
2015-03-14,-8.675,5.541
2015-03-15,-10.085,4.836
2015-03-16,-10.315,7.06
2015-03-17,-12.487,8.825
2015-03-18,-13.461,10.361
2015-03-19,-14.098,11.729
2015-03-20,-13.999,12.677
2015-03-21,-14.639,13.583
2015-03-22,-15.151,13.527
2015-03-23,-14.692,12.598
2015-03-24,-13.461,11.562
2015-03-25,-11.348,9.977
2015-03-26,-9.232,8.386
2015-03-27,-8.002,6.201
2015-03-28,-6.916,5.866
2015-03-29,-7.195,6.227
2015-03-30,-8.097,6.867
2015-03-31,-9.245,7.316
2015-04-01,-10.118,7.976
2015-04-02,-10.715,8.51
2015-04-03,-11.335,8.986
2015-04-04,-11.949,9.662
2015-04-05,-12.503,9.961
2015-04-06,-12.26,10.486
2015-04-07,-11.217,11.132
2015-04-08,-11.217,10.18
2015-04-09,-10.292,9.551
2015-04-10,-9.183,8.734
2015-04-11,-8.455,6.988
2015-04-12,-8.107,6.542
2015-04-13,-8.904,6.542
2015-04-14,-9.718,7.241
2015-04-15,-10.6,8.74
2015-04-16,-11.811,10.377
2015-04-17,-13.15,11.562
2015-04-18,-14.131,12.556
2015-04-19,-14.262,13.832
2015-04-20,-15.007,13.097
2015-04-21,-14.682,12.316
2015-04-22,-13.763,10.787
2015-04-23,-12.365,9.075
2015-04-24,-10.295,7.474
2015-04-25,-8.579,5.85
2015-04-26,-6.745,6.093
2015-04-27,-6.345,6.168
2015-04-28,-6.434,6.385
2015-04-29,-7.129,7.224
2015-04-30,-8.484,7.526
2015-05-01,-10.217,8.11
2015-05-02,-11.624,8.724
2015-05-03,-12.654,9.331
2015-05-04,-13.209,9.728
2015-05-05,-13.619,10.03
2015-05-06,-13.704,9.961
2015-05-07,-13.159,9.465
2015-05-08,-12.507,9.173
2015-05-09,-11.47,8.186
2015-05-10,-10.39,7.339
2015-05-11,-9.442,7.336
2015-05-12,-9.012,7.805
2015-05-13,-9.088,7.953
2015-05-14,-10.082,8.963
2015-05-15,-11.959,10.226
2015-05-16,-13.711,11.132
2015-05-17,-15.003,11.414
2015-05-18,-15.43,11.739
2015-05-19,-15.459,11.716
2015-05-20,-14.941,11.099
2015-05-21,-14.081,10.033
2015-05-22,-12.753,8.474
2015-05-23,-11.007,7.034
2015-05-24,-9.511,6.142
2015-05-25,-7.762,5.843
2015-05-26,-6.503,5.545
2015-05-27,-6.542,5.62
2015-05-28,-7.73,5.84
2015-05-29,-9.275,6.394
2015-05-30,-10.617,7.408
2015-05-31,-11.69,8.373
2015-06-01,-12.385,9.593
2015-06-02,-13.297,10.233
2015-06-03,-13.648,10.794
2015-06-04,-13.514,11.07
2015-06-05,-13.622,11.093
2015-06-06,-13.402,9.954
2015-06-07,-12.343,9.249
2015-06-08,-11.289,8.891
2015-06-09,-9.606,9.114
2015-06-10,-8.048,9.245
2015-06-11,-8.868,9.137
2015-06-12,-11.004,9.062
2015-06-13,-12.844,9.213
2015-06-14,-13.99,9.915
2015-06-15,-14.629,10.554
2015-06-16,-14.875,11.04
2015-06-17,-14.816,11.066
2015-06-18,-14.304,10.787
2015-06-19,-13.642,10.318
2015-06-20,-12.795,8.609
2015-06-21,-11.417,7.887
2015-06-22,-9.705,7.267
2015-06-23,-7.74,6.847
2015-06-24,-5.909,6.539
2015-06-25,-5.955,6.493
2015-06-26,-6.926,6.496
2015-06-27,-8.268,6.647
2015-06-28,-9.836,7.323
2015-06-29,-11.411,8.228
2015-06-30,-12.933,9.088
2015-07-01,-14.167,9.951
2015-07-02,-14.879,10.988
2015-07-03,-15.351,11.322
2015-07-04,-14.997,11.375
2015-07-05,-14.596,10.755
2015-07-06,-13.255,10.518
2015-07-07,-11.755,10.016
2015-07-08,-9.898,9.432
2015-07-09,-9.409,9.072
2015-07-10,-9.57,8.901
2015-07-11,-10.19,8.99
2015-07-12,-11.198,9.354
2015-07-13,-12.254,9.705
2015-07-14,-13.114,10.161
2015-07-15,-13.593,10.673
2015-07-16,-13.763,10.945
2015-07-17,-13.284,11.109
2015-07-18,-13.117,10.125
2015-07-19,-12.516,9.042
2015-07-20,-11.381,8.747
2015-07-21,-9.652,8.143
2015-07-22,-7.736,7.628
2015-07-23,-6.578,6.837
2015-07-24,-6.65,6.404
2015-07-25,-6.808,6.391
2015-07-26,-7.484,6.407
2015-07-27,-9.108,6.893
2015-07-28,-10.968,7.861
2015-07-29,-12.844,8.973
2015-07-30,-14.281,10.262
2015-07-31,-15.085,11.401
2015-08-01,-15.459,12.083
2015-08-02,-15.371,12.349
2015-08-03,-14.774,12.064
2015-08-04,-13.438,11.85
2015-08-05,-11.48,10.86
2015-08-06,-10.761,9.665
2015-08-07,-10.082,8.655
2015-08-08,-9.501,7.913
2015-08-09,-9.537,7.907
2015-08-10,-10.197,8.317
2015-08-11,-11.45,8.35
2015-08-12,-12.566,8.99
2015-08-13,-13.136,9.551
2015-08-14,-13.189,10.023
2015-08-15,-12.91,10.138
2015-08-16,-12.526,9.885
2015-08-17,-11.673,9.751
2015-08-18,-10.686,9.055
2015-08-19,-9.839,8.356
2015-08-20,-9.154,7.615
2015-08-21,-8.117,6.903
2015-08-22,-7.238,6.089
2015-08-23,-7.247,5.512
2015-08-24,-7.881,5.367
2015-08-25,-9.298,5.505
2015-08-26,-10.584,7.405
2015-08-27,-12.677,8.602
2015-08-28,-14.209,10.151
2015-08-29,-14.446,11.88
2015-08-30,-15.069,12.582
2015-08-31,-15.108,13.061
2015-09-01,-14.341,12.707
2015-09-02,-13.93,12.09
2015-09-03,-13.225,10.781
2015-09-04,-11.663,9.341
2015-09-05,-10.187,7.369
2015-09-06,-9.15,6.378
2015-09-07,-8.661,6.273
2015-09-08,-9.019,6.709
2015-09-09,-9.879,7.936
2015-09-10,-10.098,9.137
2015-09-11,-11.214,9.587
2015-09-12,-11.585,9.846
2015-09-13,-11.936,9.849
2015-09-14,-11.168,10.381
2015-09-15,-10.669,10.295
2015-09-16,-10.909,10.161
2015-09-17,-10.262,9.557
2015-09-18,-9.505,8.501
2015-09-19,-8.917,7.06
2015-09-20,-8.415,6.03
2015-09-21,-7.812,5.072
2015-09-22,-7.884,4.915
2015-09-23,-8.737,5.942
2015-09-24,-9.872,7.661
2015-09-25,-11.345,9.757
2015-09-26,-12.864,11.283
2015-09-27,-13.445,12.89
2015-09-28,-13.99,14.117
2015-09-29,-14.672,14.222
2015-09-30,-14.751,13.1
2015-10-01,-15.105,11.752
2015-10-02,-14.193,9.862
2015-10-03,-12.52,8.189
2015-10-04,-10.748,6.293
2015-10-05,-9.085,5.732
2015-10-06,-7.861,5.912
2015-10-07,-7.913,6.49
2015-10-08,-7.743,7.756
2015-10-09,-8.202,9.177
2015-10-10,-8.816,10.131
2015-10-11,-9.846,10.476
2015-10-12,-10.594,11.152
2015-10-13,-11.552,10.627
2015-10-14,-12.303,10.0
2015-10-15,-12.274,10.171
2015-10-16,-11.352,10.052
2015-10-17,-10.341,9.505
2015-10-18,-9.885,8.153
2015-10-19,-9.045,6.864
2015-10-20,-8.1,6.138
2015-10-21,-6.913,6.867
2015-10-22,-7.503,7.238
2015-10-23,-8.822,8.474
2015-10-24,-10.174,10.463
2015-10-25,-12.861,11.437
2015-10-26,-14.544,12.877
2015-10-27,-14.79,13.789
2015-10-28,-14.856,14.295
2015-10-29,-14.672,13.793
2015-10-30,-14.19,12.06
2015-10-31,-13.78,10.121
2015-11-01,-12.625,8.632
2015-11-02,-10.699,7.254
2015-11-03,-9.252,6.076
2015-11-04,-7.352,6.519
2015-11-05,-6.145,6.811
2015-11-06,-6.857,7.92
2015-11-07,-9.239,7.969
2015-11-08,-9.885,8.678
2015-11-09,-10.853,9.587
2015-11-10,-12.11,10.003
2015-11-11,-13.097,9.885
2015-11-12,-12.421,11.201
2015-11-13,-12.822,10.512
2015-11-14,-12.923,9.961
2015-11-15,-12.52,9.108
2015-11-16,-12.08,8.133
2015-11-17,-11.391,7.451
2015-11-18,-10.65,6.683
2015-11-19,-9.537,6.775
2015-11-20,-8.192,8.205
2015-11-21,-10.64,8.084
2015-11-22,-12.575,9.229
2015-11-23,-13.711,10.243
2015-11-24,-14.8,11.798
2015-11-25,-15.502,12.543
2015-11-26,-15.584,12.858
2015-11-27,-14.865,12.93
2015-11-28,-14.639,11.65
2015-11-29,-14.006,10.466
2015-11-30,-12.625,9.511
2015-12-01,-10.801,8.934
2015-12-02,-8.445,7.992
2015-12-03,-6.644,7.539
2015-12-04,-5.299,7.359
2015-12-05,-6.594,7.018
2015-12-06,-7.802,7.91
2015-12-07,-9.124,8.268
2015-12-08,-9.902,9.829
2015-12-09,-11.001,10.722
2015-12-10,-12.356,10.791
2015-12-11,-12.808,10.856
2015-12-12,-13.478,11.263
2015-12-13,-13.465,10.817
2015-12-14,-13.573,10.4
2015-12-15,-13.084,9.701
2015-12-16,-12.579,8.924
2015-12-17,-10.607,9.603
2015-12-18,-8.914,9.721
2015-12-19,-7.215,9.8
2015-12-20,-8.543,10.138
2015-12-21,-10.443,10.627
2015-12-22,-12.726,10.997
2015-12-23,-14.544,11.22
2015-12-24,-15.469,11.352
2015-12-25,-14.872,12.044
2015-12-26,-14.646,12.221
2015-12-27,-14.656,11.552
2015-12-28,-13.717,11.106
2015-12-29,-12.372,10.531
2015-12-30,-10.322,11.066
2015-12-31,-9.557,9.813
2016-01-01,-7.139,8.045
2016-01-02,-4.301,8.593
2016-01-03,-6.004,7.287
2016-01-04,-6.201,7.316
2016-01-05,-8.766,7.625
2016-01-06,-10.39,7.726
2016-01-07,-11.87,8.586
2016-01-08,-12.749,9.754
2016-01-09,-13.583,11.309
2016-01-10,-13.36,11.444
2016-01-11,-13.301,12.113
2016-01-12,-13.638,11.847
2016-01-13,-13.317,11.617
2016-01-14,-12.792,11.001
2016-01-15,-11.66,10.427
2016-01-16,-9.505,10.312
2016-01-17,-8.045,9.688
2016-01-18,-8.593,9.783
2016-01-19,-10.095,9.35
2016-01-20,-11.358,9.82
2016-01-21,-11.814,11.401
2016-01-22,-12.923,11.923
2016-01-23,-13.343,12.103
2016-01-24,-13.182,11.972
2016-01-25,-12.874,12.339
2016-01-26,-12.329,11.818
2016-01-27,-11.893,11.224
2016-01-28,-9.678,11.594
2016-01-29,-8.73,10.039
2016-01-30,-7.861,8.451
2016-01-31,-6.608,6.827
2016-02-01,-6.677,6.096
2016-02-02,-6.801,5.548
2016-02-03,-7.024,6.309
2016-02-04,-8.077,7.956
2016-02-05,-10.558,9.055
2016-02-06,-12.707,9.718
2016-02-07,-13.606,11.178
2016-02-08,-14.715,12.054
2016-02-09,-15.197,11.804
2016-02-10,-15.246,12.313
2016-02-11,-14.39,12.585
2016-02-12,-13.153,12.638
2016-02-13,-11.119,11.995
2016-02-14,-9.76,10.6
2016-02-15,-9.429,9.075
2016-02-16,-9.301,7.697
2016-02-17,-9.577,7.484
2016-02-18,-10.499,8.205
2016-02-19,-11.522,8.924
2016-02-20,-11.657,9.846
2016-02-21,-11.772,11.923
2016-02-22,-12.949,10.682
2016-02-23,-11.88,10.938
2016-02-24,-11.644,11.086
2016-02-25,-10.837,11.463
2016-02-26,-10.194,10.502
2016-02-27,-8.517,10.052
2016-02-28,-7.028,9.669
2016-02-29,-7.175,7.881
2016-03-01,-6.795,6.06
2016-03-02,-6.608,5.335
2016-03-03,-7.083,5.24
2016-03-04,-8.366,6.083
2016-03-05,-9.859,7.936
2016-03-06,-11.398,9.629
2016-03-07,-12.772,10.846
2016-03-08,-13.619,12.136
2016-03-09,-13.658,12.966
2016-03-10,-13.097,13.625
2016-03-11,-13.189,13.753
2016-03-12,-13.117,13.386
2016-03-13,-12.146,12.431
2016-03-14,-10.974,10.856
2016-03-15,-9.656,8.78
2016-03-16,-9.186,6.686
2016-03-17,-9.295,5.577
2016-03-18,-9.357,6.421
2016-03-19,-9.951,8.153
2016-03-20,-10.673,8.937
2016-03-21,-10.902,9.567
2016-03-22,-11.047,10.21
2016-03-23,-10.876,10.577
2016-03-24,-11.175,10.715
2016-03-25,-11.26,10.361
2016-03-26,-11.165,10.079
2016-03-27,-10.482,9.738
2016-03-28,-10.069,8.77
2016-03-29,-9.377,7.523
2016-03-30,-8.307,6.063
2016-03-31,-7.51,5.098
2016-04-01,-7.316,5.016
2016-04-02,-8.73,5.495
2016-04-03,-10.194,6.312
2016-04-04,-11.306,8.091
2016-04-05,-12.451,10.056
2016-04-06,-13.307,11.398
2016-04-07,-14.469,12.395
2016-04-08,-14.875,13.704
2016-04-09,-15.023,13.196
2016-04-10,-14.491,13.094
2016-04-11,-13.734,11.68
2016-04-12,-12.073,9.925
2016-04-13,-10.364,7.703
2016-04-14,-8.678,6.542
2016-04-15,-7.913,6.519
2016-04-16,-8.527,6.604
2016-04-17,-8.793,7.08
2016-04-18,-9.367,7.91
2016-04-19,-10.141,8.468
2016-04-20,-11.05,9.012
2016-04-21,-11.88,9.452
2016-04-22,-11.972,9.862
2016-04-23,-12.221,10.039
2016-04-24,-12.533,9.603
2016-04-25,-11.447,9.682
2016-04-26,-10.942,8.973
2016-04-27,-10.453,7.697
2016-04-28,-9.154,6.67
2016-04-29,-8.478,6.089
2016-04-30,-7.018,6.719
2016-05-01,-8.035,6.703
2016-05-02,-8.947,7.474
2016-05-03,-10.197,8.675
2016-05-04,-11.834,10.089
2016-05-05,-13.816,11.512
2016-05-06,-14.846,12.644
2016-05-07,-15.843,13.15
2016-05-08,-16.325,12.838
2016-05-09,-15.919,11.818
2016-05-10,-15.062,10.322
2016-05-11,-13.593,8.412
2016-05-12,-11.765,6.526
2016-05-13,-9.718,6.375
2016-05-14,-7.995,6.253
2016-05-15,-7.07,6.332
2016-05-16,-7.26,6.785
2016-05-17,-8.52,7.402
2016-05-18,-9.879,7.864
2016-05-19,-11.499,8.005
2016-05-20,-11.988,8.593
2016-05-21,-12.392,9.331
2016-05-22,-13.117,9.245
2016-05-23,-13.77,9.337
2016-05-24,-13.409,8.855
2016-05-25,-12.92,8.402
2016-05-26,-12.336,7.421
2016-05-27,-11.266,7.185
2016-05-28,-10.171,7.087
2016-05-29,-9.029,7.313
2016-05-30,-8.645,7.72
2016-05-31,-8.596,7.904
2016-06-01,-10.236,9.124
2016-06-02,-11.969,10.509
2016-06-03,-13.707,11.631
2016-06-04,-15.213,12.26
2016-06-05,-15.82,12.602
2016-06-06,-15.371,13.114
2016-06-07,-15.41,11.89
2016-06-08,-14.58,10.728
2016-06-09,-12.831,9.314
2016-06-10,-11.23,8.091
2016-06-11,-9.157,7.418
2016-06-12,-7.106,6.811
2016-06-13,-6.45,6.43
2016-06-14,-7.657,6.243
2016-06-15,-8.586,6.45
2016-06-16,-9.692,6.883
2016-06-17,-10.797,7.73
2016-06-18,-11.913,8.127
2016-06-19,-12.644,8.924
2016-06-20,-13.369,9.357
2016-06-21,-13.862,9.619
2016-06-22,-13.786,9.646
2016-06-23,-13.32,9.587
2016-06-24,-12.799,9.088
2016-06-25,-11.893,8.747
2016-06-26,-10.909,8.468
2016-06-27,-9.275,8.34
2016-06-28,-8.533,8.481
2016-06-29,-9.6,8.599
2016-06-30,-11.004,8.93
2016-07-01,-12.064,10.023
2016-07-02,-13.606,10.866
2016-07-03,-14.606,11.545
2016-07-04,-15.249,12.037
2016-07-05,-15.39,11.913
2016-07-06,-15.026,11.654
2016-07-07,-14.216,10.719
2016-07-08,-12.897,9.57
2016-07-09,-11.043,8.868
2016-07-10,-9.101,7.618
2016-07-11,-7.123,6.804
2016-07-12,-6.637,6.296
2016-07-13,-6.959,5.906
2016-07-14,-8.1,5.846
2016-07-15,-9.331,5.778
2016-07-16,-10.709,6.339
2016-07-17,-11.827,7.218
2016-07-18,-13.064,8.258
2016-07-19,-13.914,9.163
2016-07-20,-14.249,10.069
2016-07-21,-14.245,10.846
2016-07-22,-13.875,10.958
2016-07-23,-13.143,10.692
2016-07-24,-12.152,10.486
2016-07-25,-10.814,9.705
2016-07-26,-9.672,9.137
2016-07-27,-9.452,8.921
2016-07-28,-9.528,8.602
2016-07-29,-10.607,8.619
2016-07-30,-11.972,8.957
2016-07-31,-13.228,9.767
2016-08-01,-14.314,10.223
2016-08-02,-14.859,10.902
2016-08-03,-14.859,11.211
2016-08-04,-14.498,10.948
2016-08-05,-13.691,10.344
2016-08-06,-12.32,9.57
2016-08-07,-10.577,9.199
2016-08-08,-8.717,8.153
2016-08-09,-7.907,6.913
2016-08-10,-7.343,5.781
2016-08-11,-6.811,5.069
2016-08-12,-6.841,5.21
2016-08-13,-7.3,5.377
2016-08-14,-8.638,6.152
2016-08-15,-10.538,7.444
2016-08-16,-12.467,8.586
2016-08-17,-13.921,9.491
2016-08-18,-14.35,10.699
2016-08-19,-14.708,11.43
2016-08-20,-14.446,11.893
2016-08-21,-13.383,12.024
2016-08-22,-12.028,11.499
2016-08-23,-11.611,10.213
2016-08-24,-11.168,8.799
2016-08-25,-10.531,7.579
2016-08-26,-10.161,6.919
2016-08-27,-10.381,6.89
2016-08-28,-11.234,7.352
2016-08-29,-12.402,8.35
2016-08-30,-13.238,9.406
2016-08-31,-13.491,10.308
2016-09-01,-13.343,10.886
2016-09-02,-13.025,10.758
2016-09-03,-12.346,10.41
2016-09-04,-11.122,10.2
2016-09-05,-10.377,9.692
2016-09-06,-9.393,8.589
2016-09-07,-8.776,7.221
2016-09-08,-7.808,5.669
2016-09-09,-6.932,4.531
2016-09-10,-6.824,4.026
2016-09-11,-7.218,4.688
2016-09-12,-7.844,6.555
2016-09-13,-10.135,7.441
2016-09-14,-11.818,9.088
2016-09-15,-12.74,10.866
2016-09-16,-13.425,12.178
2016-09-17,-13.648,12.992
2016-09-18,-14.311,12.818
2016-09-19,-14.698,12.69
2016-09-20,-14.226,12.241
2016-09-21,-12.369,11.335
2016-09-22,-10.827,9.803
2016-09-23,-9.603,7.552
2016-09-24,-9.009,6.565
2016-09-25,-8.868,6.601
2016-09-26,-9.672,7.605
2016-09-27,-10.837,8.471
2016-09-28,-11.483,8.999
2016-09-29,-12.448,9.446
2016-09-30,-12.339,10.003
2016-10-01,-12.09,10.83
2016-10-02,-11.89,10.669
2016-10-03,-11.88,9.879
2016-10-04,-11.844,9.199
2016-10-05,-11.266,8.081
2016-10-06,-10.472,6.965
2016-10-07,-9.38,5.623
2016-10-08,-8.068,4.78
2016-10-09,-7.218,4.528
2016-10-10,-7.234,5.21
2016-10-11,-7.323,6.417
2016-10-12,-8.491,8.015
2016-10-13,-10.105,10.154
2016-10-14,-11.706,12.001
2016-10-15,-13.205,13.284
2016-10-16,-14.662,13.802
2016-10-17,-14.649,14.419
2016-10-18,-14.688,13.34
2016-10-19,-14.616,12.621
2016-10-20,-13.461,11.043
2016-10-21,-12.461,8.593
2016-10-22,-10.951,7.054
2016-10-23,-9.311,6.837
2016-10-24,-8.494,7.083
2016-10-25,-8.255,7.812
2016-10-26,-8.73,8.622
2016-10-27,-9.898,9.564
2016-10-28,-11.227,9.783
2016-10-29,-11.765,10.387
2016-10-30,-11.578,10.961
2016-10-31,-11.522,11.027
2016-11-01,-11.339,11.014
2016-11-02,-11.371,10.026
2016-11-03,-11.04,9.436
2016-11-04,-10.469,8.379
2016-11-05,-9.36,7.963
2016-11-06,-8.412,6.873
2016-11-07,-7.234,7.133
2016-11-08,-5.948,7.815
2016-11-09,-6.076,8.031
2016-11-10,-6.719,9.839
2016-11-11,-9.718,11.329
2016-11-12,-12.103,12.562
2016-11-13,-13.018,14.127
2016-11-14,-15.039,14.505
2016-11-15,-15.991,14.081
2016-11-16,-15.879,13.12
2016-11-17,-16.007,11.975
2016-11-18,-14.915,10.318
2016-11-19,-13.123,9.472
2016-11-20,-11.02,8.589
2016-11-21,-8.911,8.091
2016-11-22,-6.919,8.192
2016-11-23,-6.522,8.202
2016-11-24,-8.166,8.327
2016-11-25,-9.488,9.226
2016-11-26,-10.548,9.337
2016-11-27,-11.755,9.993
2016-11-28,-12.507,10.056
2016-11-29,-12.28,10.505
2016-11-30,-12.087,9.642
2016-12-01,-11.87,10.384
2016-12-02,-11.857,9.56
2016-12-03,-12.379,8.494
2016-12-04,-11.939,7.71
2016-12-05,-11.319,7.103
2016-12-06,-10.161,6.89
2016-12-07,-8.694,7.08
2016-12-08,-8.13,7.484
2016-12-09,-9.8,8.287
2016-12-10,-12.32,9.442
2016-12-11,-14.442,10.528
2016-12-12,-16.148,11.486
2016-12-13,-17.313,12.159
2016-12-14,-17.438,12.51
2016-12-15,-16.932,12.379
2016-12-16,-17.021,11.814
2016-12-17,-15.374,10.919
2016-12-18,-13.75,10.203
2016-12-19,-10.761,9.911
2016-12-20,-9.318,9.206
2016-12-21,-7.136,8.051
2016-12-22,-7.343,7.224
2016-12-23,-9.003,6.726
2016-12-24,-9.59,7.215
2016-12-25,-9.728,8.576
2016-12-26,-10.735,9.656
2016-12-27,-12.064,9.82
2016-12-28,-13.77,9.137
2016-12-29,-13.694,9.731
2016-12-30,-14.692,9.157
2016-12-31,-14.728,8.766
2017-01-01,-15.085,8.081
2017-01-02,-14.4,7.953
2017-01-03,-13.435,7.723
2017-01-04,-12.178,7.612
2017-01-05,-10.823,7.185
2017-01-06,-9.915,7.188
2017-01-07,-10.866,7.959
2017-01-08,-12.526,8.671
2017-01-09,-14.058,9.754
2017-01-10,-15.482,10.843
2017-01-11,-16.24,11.703
2017-01-12,-16.355,12.684
2017-01-13,-15.226,13.337
2017-01-14,-14.934,12.726
2017-01-15,-15.0,11.526
2017-01-16,-13.199,11.555
2017-01-17,-12.244,10.125
2017-01-18,-10.003,9.229
2017-01-19,-7.703,8.406
2017-01-20,-7.211,6.709
2017-01-21,-7.5,6.624
2017-01-22,-8.606,6.358
2017-01-23,-9.537,6.969
2017-01-24,-10.377,8.205
2017-01-25,-11.188,9.432
2017-01-26,-12.297,10.715
2017-01-27,-13.018,11.211
2017-01-28,-14.321,10.856
2017-01-29,-14.413,10.656
2017-01-30,-14.859,10.23
2017-01-31,-14.167,10.259
2017-02-01,-13.891,9.528
2017-02-02,-12.651,8.881
2017-02-03,-10.741,8.379
2017-02-04,-10.256,7.966
2017-02-05,-10.413,7.694
2017-02-06,-11.529,8.015
2017-02-07,-13.245,8.51
2017-02-08,-14.163,9.97
2017-02-09,-14.587,11.539
2017-02-10,-15.056,12.415
2017-02-11,-14.708,12.556
2017-02-12,-14.583,12.011
2017-02-13,-14.81,12.031
2017-02-14,-12.582,12.077
2017-02-15,-10.591,11.634
2017-02-16,-8.993,9.859
2017-02-17,-7.831,8.507
2017-02-18,-7.129,6.844
2017-02-19,-7.162,5.699
2017-02-20,-8.022,4.534
2017-02-21,-9.406,4.757
2017-02-22,-11.05,5.85
2017-02-23,-12.562,6.555
2017-02-24,-14.042,8.258
2017-02-25,-14.967,8.993
2017-02-26,-15.207,10.075
2017-02-27,-15.233,10.551
2017-02-28,-15.328,10.863
2017-03-01,-14.938,10.719
2017-03-02,-13.301,11.056
2017-03-03,-12.933,10.131
2017-03-04,-12.041,9.239
2017-03-05,-11.063,8.196
2017-03-06,-10.791,7.172
2017-03-07,-11.493,6.64
2017-03-08,-13.005,7.024
2017-03-09,-13.986,8.11
2017-03-10,-14.38,9.449
2017-03-11,-14.295,10.371
2017-03-12,-13.816,11.047
2017-03-13,-13.524,11.158
2017-03-14,-13.537,10.568
2017-03-15,-12.569,10.666
2017-03-16,-11.677,9.954
2017-03-17,-11.043,8.773
2017-03-18,-9.403,7.904
2017-03-19,-8.465,6.394
2017-03-20,-7.667,4.833
2017-03-21,-7.431,4.117
2017-03-22,-8.028,4.833
2017-03-23,-9.623,5.577
2017-03-24,-10.955,6.621
2017-03-25,-12.224,8.323
2017-03-26,-13.012,9.675
2017-03-27,-13.225,11.207
2017-03-28,-13.494,12.011
2017-03-29,-14.475,12.575
2017-03-30,-15.03,12.762
2017-03-31,-13.924,12.431
2017-04-01,-13.215,11.555
2017-04-02,-12.474,9.747
2017-04-03,-10.633,7.871
2017-04-04,-9.259,7.444
2017-04-05,-8.963,7.589
2017-04-06,-9.682,8.478
2017-04-07,-10.604,8.802
2017-04-08,-11.381,9.711
2017-04-09,-11.988,10.072
2017-04-10,-12.536,10.361
2017-04-11,-13.494,10.131
2017-04-12,-13.806,9.787
2017-04-13,-13.287,9.656
2017-04-14,-12.671,9.288
2017-04-15,-11.88,8.323
2017-04-16,-10.817,7.244
2017-04-17,-9.629,5.771
2017-04-18,-8.176,4.948
2017-04-19,-7.385,4.964
2017-04-20,-7.667,4.97
2017-04-21,-8.537,5.299
2017-04-22,-9.36,6.624
2017-04-23,-10.545,8.176
2017-04-24,-11.447,9.642
2017-04-25,-13.327,11.253
2017-04-26,-14.741,12.385
2017-04-27,-15.682,13.041
2017-04-28,-16.227,12.694
2017-04-29,-15.646,12.014
2017-04-30,-14.396,11.099
2017-05-01,-12.628,9.39
2017-05-02,-10.728,7.976
2017-05-03,-8.432,7.73
2017-05-04,-8.622,7.684
2017-05-05,-8.661,7.769
2017-05-06,-8.825,7.972
2017-05-07,-9.852,8.806
2017-05-08,-11.414,9.193
2017-05-09,-12.49,9.406
2017-05-10,-13.143,9.465
2017-05-11,-13.327,9.436
2017-05-12,-13.156,9.38
2017-05-13,-12.92,8.868
2017-05-14,-12.047,8.136
2017-05-15,-11.512,7.385
2017-05-16,-10.262,6.444
2017-05-17,-9.291,5.689
2017-05-18,-8.435,5.692
2017-05-19,-7.907,6.112
2017-05-20,-7.795,6.414
2017-05-21,-7.812,7.303
2017-05-22,-9.613,8.72
2017-05-23,-12.306,9.685
2017-05-24,-14.327,10.846
2017-05-25,-15.696,11.9
2017-05-26,-16.539,12.516
2017-05-27,-16.841,12.349
2017-05-28,-16.247,11.926
2017-05-29,-15.049,10.804
2017-05-30,-13.789,8.99
2017-05-31,-11.608,8.074
2017-06-01,-9.386,7.792
2017-06-02,-7.841,7.418
2017-06-03,-7.343,7.52
2017-06-04,-8.691,7.546
2017-06-05,-9.76,7.822
2017-06-06,-10.541,8.53
2017-06-07,-11.575,9.783
2017-06-08,-11.913,9.19
2017-06-09,-12.467,9.281
2017-06-10,-12.74,9.495
2017-06-11,-12.795,9.193
2017-06-12,-12.513,8.701
2017-06-13,-12.165,7.93
2017-06-14,-11.325,7.444
2017-06-15,-10.085,7.438
2017-06-16,-8.753,7.218
2017-06-17,-7.904,7.021
2017-06-18,-7.493,7.556
2017-06-19,-8.576,7.812
2017-06-20,-10.322,8.747
2017-06-21,-12.907,9.259
2017-06-22,-14.708,10.384
2017-06-23,-16.043,11.293
2017-06-24,-16.575,12.021
2017-06-25,-16.316,12.52
2017-06-26,-15.948,11.995
2017-06-27,-14.984,11.033
2017-06-28,-13.514,9.472
2017-06-29,-11.437,8.589
2017-06-30,-9.275,7.959
2017-07-01,-7.349,7.421
2017-07-02,-7.379,6.942
2017-07-03,-8.363,6.837
2017-07-04,-9.501,6.588
2017-07-05,-10.607,6.87
2017-07-06,-11.348,7.379
2017-07-07,-12.333,7.867
2017-07-08,-12.841,8.488
2017-07-09,-13.189,9.045
2017-07-10,-13.34,9.114
2017-07-11,-13.225,9.219
2017-07-12,-12.871,8.927
2017-07-13,-12.297,8.57
2017-07-14,-11.115,8.274
2017-07-15,-9.826,8.159
2017-07-16,-8.514,7.766
2017-07-17,-8.681,7.71
2017-07-18,-9.498,8.258
2017-07-19,-10.764,8.356
2017-07-20,-12.303,9.078
2017-07-21,-13.894,10.23
2017-07-22,-15.141,11.362
2017-07-23,-16.053,12.051
2017-07-24,-15.886,12.402
2017-07-25,-15.64,12.116
2017-07-26,-14.577,11.453
2017-07-27,-13.186,10.279
2017-07-28,-11.201,9.252
2017-07-29,-8.947,8.159
2017-07-30,-7.9,6.965
2017-07-31,-7.805,5.702
2017-08-01,-7.887,5.509
2017-08-02,-8.51,5.413
2017-08-03,-9.423,5.751
2017-08-04,-11.014,6.257
2017-08-05,-11.962,7.326
2017-08-06,-12.818,8.356
2017-08-07,-13.51,9.085
2017-08-08,-13.871,9.505
2017-08-09,-13.655,9.875
2017-08-10,-13.409,9.987
2017-08-11,-12.431,10.197
2017-08-12,-10.869,10.272
2017-08-13,-9.236,9.472
2017-08-14,-9.357,8.573
2017-08-15,-9.275,8.386
2017-08-16,-9.206,8.182
2017-08-17,-10.151,8.163
2017-08-18,-11.749,8.638
2017-08-19,-13.35,9.646
2017-08-20,-14.275,11.06
2017-08-21,-14.544,11.785
2017-08-22,-14.662,12.415
2017-08-23,-14.157,12.352
2017-08-24,-13.301,11.696
2017-08-25,-11.644,10.902
2017-08-26,-10.187,9.813
2017-08-27,-9.465,8.045
2017-08-28,-8.445,6.772
2017-08-29,-6.683,6.496
2017-08-30,-5.961,5.171
2017-08-31,-6.339,5.187
2017-09-01,-7.598,5.722
2017-09-02,-9.491,6.558
2017-09-03,-10.863,7.654
2017-09-04,-11.309,8.835
2017-09-05,-12.697,9.826
2017-09-06,-12.454,11.526
2017-09-07,-12.799,11.526
2017-09-08,-12.274,11.923
2017-09-09,-11.821,11.683
2017-09-10,-11.791,10.994
2017-09-11,-11.611,9.77
2017-09-12,-10.791,8.294
2017-09-13,-9.872,7.077
2017-09-14,-9.636,6.686
2017-09-15,-9.938,6.631
2017-09-16,-10.64,7.992
2017-09-17,-11.591,9.626
2017-09-18,-12.69,10.643
2017-09-19,-13.606,10.968
2017-09-20,-13.661,11.526
2017-09-21,-13.031,11.716
2017-09-22,-12.536,11.519
2017-09-23,-12.139,10.669
2017-09-24,-11.306,9.695
2017-09-25,-10.413,7.848
2017-09-26,-9.268,6.644
2017-09-27,-7.552,5.328
2017-09-28,-5.955,5.062
2017-09-29,-5.974,4.826
2017-09-30,-7.08,5.197
2017-10-01,-8.757,6.083
2017-10-02,-9.836,8.291
2017-10-03,-11.083,9.485
2017-10-04,-11.601,11.02
2017-10-05,-12.149,12.077
2017-10-06,-14.104,12.267
2017-10-07,-13.691,12.539
2017-10-08,-13.901,11.831
2017-10-09,-14.741,10.804
2017-10-10,-14.049,9.409
2017-10-11,-12.733,7.575
2017-10-12,-11.499,6.286
2017-10-13,-9.682,6.401
2017-10-14,-9.698,6.978
2017-10-15,-9.872,8.379
2017-10-16,-10.906,9.4
2017-10-17,-11.588,10.495
2017-10-18,-12.5,11.283
2017-10-19,-13.012,11.683
2017-10-20,-13.038,11.604
2017-10-21,-12.477,11.257
2017-10-22,-12.503,10.367
2017-10-23,-12.411,9.19
2017-10-24,-11.736,7.723
2017-10-25,-9.829,7.001
2017-10-26,-8.845,6.309
2017-10-27,-6.929,5.495
2017-10-28,-6.827,5.19
2017-10-29,-6.601,5.226
2017-10-30,-7.005,7.08
2017-10-31,-9.541,7.274
2017-11-01,-11.926,8.658
2017-11-02,-13.842,10.115
2017-11-03,-15.486,11.066
2017-11-04,-16.063,11.952
2017-11-05,-16.23,12.106
2017-11-06,-16.247,11.526
2017-11-07,-16.243,11.152
2017-11-08,-15.082,9.439
2017-11-09,-13.553,8.615
2017-11-10,-11.824,7.369
2017-11-11,-10.558,6.677
2017-11-12,-9.209,7.385
2017-11-13,-9.167,8.182
2017-11-14,-10.909,8.812
2017-11-15,-11.732,9.721
2017-11-16,-12.326,10.282
2017-11-17,-13.064,10.699
2017-11-18,-13.392,10.381
2017-11-19,-13.156,10.253
2017-11-20,-13.074,9.56
2017-11-21,-12.638,9.058
2017-11-22,-12.277,8.524
2017-11-23,-10.869,7.91
2017-11-24,-10.4,6.43
2017-11-25,-9.206,6.437
2017-11-26,-6.847,6.946
2017-11-27,-5.735,7.044
2017-11-28,-6.506,7.687
2017-11-29,-8.655,9.239
2017-11-30,-11.306,9.656
2017-12-01,-13.642,10.863
2017-12-02,-14.852,12.093
2017-12-03,-14.803,12.933
2017-12-04,-16.48,13.635
2017-12-05,-16.43,13.261
2017-12-06,-15.679,11.768
2017-12-07,-15.584,11.125
2017-12-08,-12.923,10.279
2017-12-09,-11.549,9.186
2017-12-10,-8.783,8.97
2017-12-11,-6.749,9.18
2017-12-12,-7.648,8.56
2017-12-13,-9.301,9.285
2017-12-14,-10.502,9.491
2017-12-15,-11.063,9.846
2017-12-16,-11.755,10.22
2017-12-17,-12.93,9.783
2017-12-18,-13.612,9.442
2017-12-19,-13.199,9.081
2017-12-20,-13.199,8.419
2017-12-21,-13.802,7.52
2017-12-22,-12.707,7.392
2017-12-23,-11.864,7.254
2017-12-24,-10.322,7.054
2017-12-25,-9.308,6.722
2017-12-26,-8.451,6.45
2017-12-27,-8.261,6.785
2017-12-28,-9.98,7.451
2017-12-29,-12.103,8.461
2017-12-30,-13.661,9.757
2017-12-31,-15.036,11.24
2018-01-01,-15.39,12.526
2018-01-02,-16.407,13.294
2018-01-03,-16.106,13.005
2018-01-04,-16.437,11.913
2018-01-05,-15.892,11.122
2018-01-06,-14.081,10.656
2018-01-07,-12.238,9.918
2018-01-08,-10.269,9.068
2018-01-09,-7.838,7.894
2018-01-10,-8.366,7.139
2018-01-11,-8.839,6.913
2018-01-12,-9.324,7.726
2018-01-13,-9.593,8.848
2018-01-14,-10.725,9.413
2018-01-15,-11.89,9.583
2018-01-16,-11.434,10.384
2018-01-17,-12.303,10.41
2018-01-18,-12.559,10.203
2018-01-19,-12.759,9.685
2018-01-20,-12.589,9.219
2018-01-21,-12.093,9.121
2018-01-22,-10.915,9.029
2018-01-23,-9.767,8.504
2018-01-24,-8.091,7.936
2018-01-25,-8.022,7.674
2018-01-26,-9.193,7.871
2018-01-27,-11.719,8.182
2018-01-28,-13.127,8.927
2018-01-29,-14.281,10.663
2018-01-30,-16.407,11.604
2018-01-31,-16.614,12.293
2018-02-01,-16.175,12.838
2018-02-02,-16.319,12.362
2018-02-03,-15.971,11.512
2018-02-04,-14.701,11.211
2018-02-05,-12.949,10.125
2018-02-06,-10.217,9.344
2018-02-07,-8.789,7.671
2018-02-08,-8.547,5.945
2018-02-09,-8.901,5.023
2018-02-10,-9.469,5.492
2018-02-11,-10.344,6.129
2018-02-12,-11.67,7.526
2018-02-13,-13.11,7.602
2018-02-14,-13.556,8.638
2018-02-15,-14.419,8.957
2018-02-16,-14.813,9.183
2018-02-17,-14.777,8.839
2018-02-18,-14.633,9.117
2018-02-19,-13.921,9.163
2018-02-20,-12.825,8.967
2018-02-21,-11.562,8.386
2018-02-22,-10.289,8.146
2018-02-23,-10.338,6.463
2018-02-24,-10.568,6.581
2018-02-25,-11.578,6.476
2018-02-26,-13.996,8.56
2018-02-27,-15.331,9.419
2018-02-28,-16.611,9.898
2018-03-01,-16.778,10.614
2018-03-02,-16.358,11.381
2018-03-03,-16.257,11.388
2018-03-04,-15.919,10.827
2018-03-05,-14.505,10.633
2018-03-06,-12.671,9.639
2018-03-07,-11.03,8.55
2018-03-08,-9.058,7.356
2018-03-09,-6.985,6.713
2018-03-10,-7.349,4.541
2018-03-11,-7.146,4.354
2018-03-12,-9.098,5.735
2018-03-13,-9.915,6.266
2018-03-14,-11.352,7.526
2018-03-15,-12.559,8.327
2018-03-16,-13.005,9.331
2018-03-17,-13.232,9.98
2018-03-18,-12.904,10.371
2018-03-19,-13.274,10.978
2018-03-20,-14.249,10.223
2018-03-21,-13.776,9.688
2018-03-22,-12.598,8.878
2018-03-23,-11.276,8.615
2018-03-24,-10.243,7.159
2018-03-25,-9.724,6.184
2018-03-26,-9.816,6.289
2018-03-27,-12.156,7.415
2018-03-28,-13.583,8.333
2018-03-29,-14.423,9.446
2018-03-30,-14.682,10.292
2018-03-31,-14.524,10.617
2018-04-01,-14.823,10.781
2018-04-02,-14.859,10.751
2018-04-03,-13.878,10.538
2018-04-04,-12.867,8.983
2018-04-05,-11.243,8.442
2018-04-06,-9.495,6.821
2018-04-07,-8.222,5.184
2018-04-08,-7.06,4.616
2018-04-09,-6.624,4.715
2018-04-10,-6.903,5.531
2018-04-11,-8.094,6.352
2018-04-12,-9.557,7.26
2018-04-13,-10.745,8.661
2018-04-14,-11.86,9.331
2018-04-15,-13.232,9.911
2018-04-16,-14.016,10.961
2018-04-17,-14.524,11.572
2018-04-18,-14.669,11.65
2018-04-19,-13.93,11.831
2018-04-20,-12.933,10.679
2018-04-21,-12.123,8.865
2018-04-22,-10.617,6.909
2018-04-23,-9.495,6.926
2018-04-24,-9.19,7.041
2018-04-25,-10.463,7.841
2018-04-26,-11.26,8.284
2018-04-27,-11.64,9.203
2018-04-28,-12.858,10.157
2018-04-29,-13.717,10.646
2018-04-30,-14.239,10.82
2018-05-01,-14.193,10.427
2018-05-02,-13.993,9.692
2018-05-03,-12.703,9.183
2018-05-04,-10.892,8.612
2018-05-05,-9.97,6.995
2018-05-06,-9.199,5.007
2018-05-07,-7.969,4.843
2018-05-08,-6.877,5.105
2018-05-09,-6.542,5.292
2018-05-10,-7.457,6.165
2018-05-11,-8.668,7.418
2018-05-12,-10.246,7.89
2018-05-13,-12.06,9.003
2018-05-14,-13.445,10.463
2018-05-15,-14.915,11.02
2018-05-16,-15.85,11.421
2018-05-17,-16.102,11.414
2018-05-18,-15.554,11.017
2018-05-19,-14.409,10.449
2018-05-20,-12.822,8.868
2018-05-21,-10.922,8.225
2018-05-22,-9.718,7.779
2018-05-23,-8.875,7.654
2018-05-24,-8.668,8.287
2018-05-25,-9.76,8.737
2018-05-26,-11.122,9.39
2018-05-27,-12.244,9.928
2018-05-28,-13.045,10.164
2018-05-29,-13.629,9.905
2018-05-30,-13.72,9.76
2018-05-31,-13.376,9.544
2018-06-01,-12.818,8.888
2018-06-02,-12.211,7.897
2018-06-03,-11.129,6.762
2018-06-04,-9.701,6.325
2018-06-05,-8.209,6.375
2018-06-06,-7.044,6.266
2018-06-07,-6.086,6.516
2018-06-08,-6.414,6.588
2018-06-09,-8.373,7.159
2018-06-10,-10.197,8.097
2018-06-11,-12.218,9.639
2018-06-12,-13.96,10.364
2018-06-13,-15.443,11.109
2018-06-14,-15.797,12.106
2018-06-15,-16.099,12.362
2018-06-16,-15.541,11.998
2018-06-17,-14.843,11.047
2018-06-18,-12.92,9.797
2018-06-19,-11.909,8.517
2018-06-20,-9.685,8.304
2018-06-21,-7.946,7.953
2018-06-22,-8.753,7.946
2018-06-23,-10.213,7.73
2018-06-24,-11.056,8.13
2018-06-25,-11.975,8.448
2018-06-26,-12.746,8.684
2018-06-27,-13.156,9.081
2018-06-28,-13.136,9.406
2018-06-29,-13.009,9.288
2018-06-30,-12.815,8.904
2018-07-01,-12.707,8.068
2018-07-02,-12.224,7.037
2018-07-03,-11.286,6.867
2018-07-04,-9.816,6.739
2018-07-05,-8.163,6.572
2018-07-06,-6.719,6.68
2018-07-07,-7.306,7.067
2018-07-08,-8.635,7.52
2018-07-09,-10.243,8.274
2018-07-10,-12.3,9.295
2018-07-11,-14.255,10.308
2018-07-12,-15.883,11.129
2018-07-13,-16.542,12.024
2018-07-14,-16.467,12.372
2018-07-15,-16.043,12.559
2018-07-16,-15.21,11.634
2018-07-17,-13.904,10.272
2018-07-18,-12.175,9.331
2018-07-19,-9.633,8.258
2018-07-20,-9.213,7.116
2018-07-21,-9.308,6.647
2018-07-22,-9.849,6.709
2018-07-23,-10.633,6.549
2018-07-24,-11.234,6.929
2018-07-25,-12.211,7.431
2018-07-26,-12.884,8.159
2018-07-27,-13.146,8.478
2018-07-28,-13.478,8.809
2018-07-29,-13.497,8.976
2018-07-30,-13.1,8.658
2018-07-31,-12.579,8.474
2018-08-01,-11.355,8.383
2018-08-02,-9.902,8.219
2018-08-03,-8.038,7.979
2018-08-04,-7.713,7.385
2018-08-05,-8.097,7.549
2018-08-06,-8.609,7.566
2018-08-07,-10.121,7.72
2018-08-08,-12.037,8.747
2018-08-09,-13.894,10.125
2018-08-10,-15.289,11.352
2018-08-11,-16.076,12.293
2018-08-12,-15.781,12.894
2018-08-13,-15.0,13.205
2018-08-14,-14.649,11.962
2018-08-15,-13.163,10.925
2018-08-16,-11.512,9.695
2018-08-17,-10.299,7.884
2018-08-18,-9.347,6.25
2018-08-19,-8.77,5.545
2018-08-20,-8.146,5.479
2018-08-21,-8.369,5.554
2018-08-22,-9.767,6.28
2018-08-23,-10.817,7.303
2018-08-24,-11.772,8.15
2018-08-25,-12.552,8.671
2018-08-26,-12.677,9.37
2018-08-27,-12.628,9.623
2018-08-28,-12.648,9.616
2018-08-29,-12.001,9.764
2018-08-30,-10.86,9.449
2018-08-31,-10.509,8.737
2018-09-01,-10.121,7.877
2018-09-02,-9.728,6.929
2018-09-03,-9.488,6.161
2018-09-04,-9.639,5.978
2018-09-05,-10.741,5.994
2018-09-06,-12.142,7.329
2018-09-07,-13.776,9.16
2018-09-08,-14.957,10.81
2018-09-09,-15.387,12.005
2018-09-10,-15.413,12.503
2018-09-11,-15.01,12.267
2018-09-12,-14.117,11.886
2018-09-13,-13.737,10.833
2018-09-14,-12.546,9.377
2018-09-15,-10.909,7.552
2018-09-16,-9.249,5.673
2018-09-17,-7.943,4.37
2018-09-18,-7.362,4.209
2018-09-19,-7.825,4.764
2018-09-20,-8.848,5.725
2018-09-21,-9.951,7.142
2018-09-22,-10.627,8.517
2018-09-23,-11.67,9.331
2018-09-24,-11.654,9.82
2018-09-25,-12.346,9.905
2018-09-26,-12.995,9.98
2018-09-27,-12.976,10.003
2018-09-28,-12.838,9.888
2018-09-29,-12.713,9.275
2018-09-30,-12.08,8.346
2018-10-01,-10.978,7.014
2018-10-02,-9.872,6.056
2018-10-03,-9.304,6.266
2018-10-04,-9.547,6.942
2018-10-05,-10.863,8.143
2018-10-06,-12.438,9.728
2018-10-07,-13.31,11.024
2018-10-08,-14.288,11.509
2018-10-09,-14.593,12.303
2018-10-10,-13.835,13.104
2018-10-11,-13.816,11.86
2018-10-12,-13.711,10.787
2018-10-13,-12.782,9.311
2018-10-14,-11.23,7.372
2018-10-15,-9.403,5.951
2018-10-16,-6.693,5.896
2018-10-17,-6.083,5.436
2018-10-18,-5.994,5.433
2018-10-19,-5.738,7.323
2018-10-20,-7.74,7.477
2018-10-21,-8.255,9.019
2018-10-22,-10.069,9.806
2018-10-23,-10.558,11.657
2018-10-24,-12.293,11.867
2018-10-25,-12.395,12.618
2018-10-26,-12.812,12.415
2018-10-27,-12.936,11.709
2018-10-28,-12.887,10.584
2018-10-29,-12.749,9.298
2018-10-30,-11.526,7.559
2018-10-31,-10.584,6.545
2018-11-01,-9.373,7.11
2018-11-02,-8.976,7.966
2018-11-03,-9.446,9.327
2018-11-04,-11.037,10.315
2018-11-05,-13.087,10.876
2018-11-06,-14.291,11.24
2018-11-07,-14.213,11.522
2018-11-08,-14.432,11.896
2018-11-09,-14.183,11.073
2018-11-10,-14.426,9.511
2018-11-11,-13.802,8.743
2018-11-12,-11.473,8.038
2018-11-13,-8.789,7.415
2018-11-14,-8.192,6.312
2018-11-15,-7.201,5.367
2018-11-16,-6.263,5.558
2018-11-17,-5.03,6.759
2018-11-18,-7.031,7.221
2018-11-19,-9.137,8.635
2018-11-20,-10.682,10.039
2018-11-21,-12.487,11.007
2018-11-22,-13.809,11.69
2018-11-23,-14.767,12.201
2018-11-24,-14.058,12.415
2018-11-25,-14.058,12.73
2018-11-26,-13.396,12.415
2018-11-27,-13.012,10.512
2018-11-28,-11.795,9.554
2018-11-29,-10.945,8.465
2018-11-30,-9.767,8.097
2018-12-01,-8.747,8.642
2018-12-02,-9.738,8.904
2018-12-03,-11.824,9.4
2018-12-04,-12.671,9.839
2018-12-05,-13.235,10.919
2018-12-06,-13.465,11.319
2018-12-07,-12.851,12.014
2018-12-08,-12.648,11.66
2018-12-09,-12.543,10.81
2018-12-10,-12.392,9.695
2018-12-11,-10.436,9.879
2018-12-12,-10.157,8.163
2018-12-13,-9.288,7.385
2018-12-14,-7.812,6.814
2018-12-15,-6.004,6.831
2018-12-16,-4.091,7.867
2018-12-17,-6.227,8.287
2018-12-18,-8.468,8.648
2018-12-19,-10.541,9.59
2018-12-20,-12.612,10.866
2018-12-21,-14.213,11.322
2018-12-22,-14.728,12.362
2018-12-23,-15.302,12.877
2018-12-24,-15.259,12.552
2018-12-25,-15.781,11.703
2018-12-26,-14.705,10.696
2018-12-27,-13.392,10.443
2018-12-28,-11.522,9.921
2018-12-29,-9.577,9.314
2018-12-30,-8.025,8.625
2018-12-31,-8.963,9.022
2019-01-01,-9.373,10.226
2019-01-02,-11.506,9.511
2019-01-03,-12.72,9.692
2019-01-04,-13.432,9.626
2019-01-05,-13.645,9.967
2019-01-06,-13.839,9.888
2019-01-07,-13.638,9.557
2019-01-08,-13.717,8.763
2019-01-09,-13.117,8.593
2019-01-10,-11.857,8.406
2019-01-11,-10.935,7.779
2019-01-12,-10.098,7.011
2019-01-13,-7.461,7.497
2019-01-14,-6.414,7.077
2019-01-15,-7.306,7.07
2019-01-16,-8.927,7.549
2019-01-17,-10.837,8.343
2019-01-18,-12.74,9.531
2019-01-19,-14.498,10.948
2019-01-20,-15.794,11.969
2019-01-21,-16.299,12.664
2019-01-22,-15.961,13.035
2019-01-23,-16.122,12.53
2019-01-24,-15.446,12.395
2019-01-25,-13.343,12.175
2019-01-26,-12.195,10.758
2019-01-27,-10.315,8.976
2019-01-28,-8.875,7.89
2019-01-29,-8.314,8.182
2019-01-30,-9.56,7.418
2019-01-31,-10.876,7.116
2019-02-01,-11.857,7.867
2019-02-02,-13.11,7.982
2019-02-03,-13.34,8.848
2019-02-04,-13.501,9.111
2019-02-05,-13.422,9.505
2019-02-06,-13.409,8.97
2019-02-07,-13.494,8.448
2019-02-08,-13.077,8.291
2019-02-09,-12.398,7.789
2019-02-10,-10.614,7.877
2019-02-11,-8.993,7.103
2019-02-12,-8.356,6.594
2019-02-13,-8.619,5.761
2019-02-14,-9.715,5.892
2019-02-15,-11.457,6.716
2019-02-16,-13.747,7.497
2019-02-17,-14.36,9.97
2019-02-18,-15.784,11.47
2019-02-19,-16.903,11.952
2019-02-20,-16.699,12.185
2019-02-21,-16.824,11.906
2019-02-22,-16.119,11.857
2019-02-23,-14.734,11.132
2019-02-24,-12.959,9.803
2019-02-25,-11.322,8.563
2019-02-26,-10.197,6.617
2019-02-27,-9.551,4.816
2019-02-28,-9.508,4.472
2019-03-01,-10.243,4.967
2019-03-02,-11.608,5.758
2019-03-03,-12.717,6.473
2019-03-04,-13.081,7.454
2019-03-05,-13.268,8.337
2019-03-06,-12.956,9.117
2019-03-07,-12.418,9.459
2019-03-08,-12.402,9.738
2019-03-09,-11.604,9.892
2019-03-10,-10.174,10.636
2019-03-11,-9.872,9.724
2019-03-12,-10.066,8.379
2019-03-13,-8.77,7.313
2019-03-14,-8.219,6.637
2019-03-15,-8.99,5.791
2019-03-16,-9.37,6.985
2019-03-17,-10.948,8.258
2019-03-18,-12.828,10.02
2019-03-19,-14.698,10.873
2019-03-20,-14.193,12.513
2019-03-21,-13.888,12.831
2019-03-22,-13.766,13.264
2019-03-23,-14.364,13.091
2019-03-24,-13.996,11.732
2019-03-25,-12.979,10.364
2019-03-26,-11.499,8.428
2019-03-27,-9.787,6.345
2019-03-28,-8.402,4.564
2019-03-29,-8.537,4.38
2019-03-30,-9.055,4.491
2019-03-31,-10.052,5.171
2019-04-01,-10.909,6.122
2019-04-02,-11.142,7.234
2019-04-03,-11.224,8.458
2019-04-04,-11.253,9.304
2019-04-05,-11.46,9.797
2019-04-06,-11.762,10.705
2019-04-07,-11.926,10.991
2019-04-08,-11.831,11.076
2019-04-09,-11.946,10.351
2019-04-10,-11.224,9.026
2019-04-11,-10.079,7.972
2019-04-12,-9.341,6.522
2019-04-13,-9.052,6.004
2019-04-14,-9.905,6.319
2019-04-15,-10.869,7.31
2019-04-16,-11.755,9.226
2019-04-17,-12.884,10.64
2019-04-18,-13.064,11.952
2019-04-19,-14.596,12.552
2019-04-20,-14.974,12.782
2019-04-21,-14.337,12.507
2019-04-22,-13.681,11.955
2019-04-23,-12.877,10.059
2019-04-24,-11.841,7.986
2019-04-25,-9.813,5.699
2019-04-26,-8.56,4.803
2019-04-27,-7.785,4.606
2019-04-28,-7.523,4.705
2019-04-29,-8.159,5.305
2019-04-30,-9.098,5.699
2019-05-01,-9.603,6.706
2019-05-02,-10.725,7.844
2019-05-03,-12.457,8.576
2019-05-04,-13.494,9.272
2019-05-05,-13.845,10.033
2019-05-06,-14.137,10.476
2019-05-07,-14.17,10.725
2019-05-08,-13.839,9.803
2019-05-09,-13.297,8.537
2019-05-10,-11.378,8.1
2019-05-11,-10.62,6.224
2019-05-12,-10.19,6.598
2019-05-13,-9.97,6.644
2019-05-14,-10.315,7.536
2019-05-15,-10.692,8.881
2019-05-16,-12.379,10.075
2019-05-17,-13.619,11.161
2019-05-18,-14.613,11.483
2019-05-19,-14.852,11.614
2019-05-20,-14.554,11.381
2019-05-21,-14.469,10.253
2019-05-22,-13.146,8.996
2019-05-23,-12.054,7.559
2019-05-24,-10.722,5.866
2019-05-25,-8.93,5.673
2019-05-26,-6.742,5.899
2019-05-27,-6.43,5.784
2019-05-28,-6.608,5.696
2019-05-29,-7.431,6.06
2019-05-30,-9.154,6.791
2019-05-31,-10.581,7.923
2019-06-01,-12.356,8.56
2019-06-02,-13.727,9.311
2019-06-03,-14.508,10.098
2019-06-04,-15.085,10.541
2019-06-05,-15.351,10.482
2019-06-06,-14.984,10.026
2019-06-07,-14.213,9.193
2019-06-08,-13.232,7.907
2019-06-09,-12.014,7.415
2019-06-10,-10.279,7.894
2019-06-11,-9.108,8.356
2019-06-12,-9.475,8.543
2019-06-13,-11.198,8.907
2019-06-14,-12.589,9.567
2019-06-15,-13.527,10.079
2019-06-16,-14.124,10.381
2019-06-17,-14.131,10.558
2019-06-18,-14.304,10.295
2019-06-19,-14.265,9.396
2019-06-20,-13.468,8.488
2019-06-21,-12.356,7.562
2019-06-22,-11.076,6.854
2019-06-23,-9.649,6.417
2019-06-24,-7.969,6.066
2019-06-25,-6.604,5.86
2019-06-26,-6.345,5.705
2019-06-27,-7.598,5.81
2019-06-28,-9.16,6.355
2019-06-29,-11.017,7.054
2019-06-30,-12.69,8.166
2019-07-01,-14.275,9.144
2019-07-02,-15.272,10.246
2019-07-03,-15.866,11.063
2019-07-04,-16.102,11.362
2019-07-05,-15.981,11.112
2019-07-06,-15.226,10.135
2019-07-07,-13.684,9.554
2019-07-08,-11.837,9.268
2019-07-09,-9.472,8.845
2019-07-10,-9.131,8.652
2019-07-11,-9.803,8.537
2019-07-12,-10.846,8.471
2019-07-13,-12.044,8.629
2019-07-14,-12.89,8.881
2019-07-15,-13.468,9.232
2019-07-16,-13.73,9.705
2019-07-17,-13.665,9.98
2019-07-18,-13.553,9.829
2019-07-19,-12.999,9.288
2019-07-20,-12.451,8.366
2019-07-21,-11.457,7.799
2019-07-22,-9.961,7.333
2019-07-23,-8.022,7.073
2019-07-24,-6.483,6.421
2019-07-25,-6.644,6.375
2019-07-26,-7.09,6.283
2019-07-27,-8.425,6.325
2019-07-28,-10.121,6.883
2019-07-29,-12.408,7.874
2019-07-30,-13.993,9.216
2019-07-31,-15.138,10.738
2019-08-01,-15.981,11.89
2019-08-02,-16.25,12.031
2019-08-03,-16.224,11.739
2019-08-04,-15.387,11.099
2019-08-05,-13.73,10.548
2019-08-06,-11.601,9.498
2019-08-07,-10.82,8.291
2019-08-08,-10.154,7.267
2019-08-09,-9.872,6.588
2019-08-10,-10.223,6.686
2019-08-11,-11.07,6.732
2019-08-12,-12.172,7.385
2019-08-13,-12.867,8.146
2019-08-14,-13.422,8.704
2019-08-15,-13.776,9.147
2019-08-16,-13.602,9.183
2019-08-17,-13.409,8.727
2019-08-18,-12.694,8.802
2019-08-19,-11.201,8.799
2019-08-20,-9.678,8.396
2019-08-21,-8.698,7.713
2019-08-22,-8.202,7.287
2019-08-23,-7.356,6.44
2019-08-24,-7.461,5.643
2019-08-25,-8.307,5.584
2019-08-26,-10.036,5.768
2019-08-27,-12.218,7.103
2019-08-28,-14.157,8.904
2019-08-29,-15.364,10.669
2019-08-30,-16.093,11.998
2019-08-31,-16.037,12.546
2019-09-01,-15.138,13.127
2019-09-02,-13.681,12.635
2019-09-03,-13.209,11.358
2019-09-04,-12.572,9.783
2019-09-05,-11.404,7.785
2019-09-06,-9.862,6.122
2019-09-07,-8.747,5.089
2019-09-08,-8.97,5.108
2019-09-09,-9.547,5.991
2019-09-10,-10.472,7.07
2019-09-11,-11.522,8.127
2019-09-12,-11.378,9.531
2019-09-13,-11.299,9.941
2019-09-14,-11.801,9.865
2019-09-15,-11.407,10.299
2019-09-16,-10.459,10.18
2019-09-17,-10.614,10.013
2019-09-18,-10.171,9.724
2019-09-19,-9.823,8.57
2019-09-20,-9.285,7.838
2019-09-21,-8.274,6.001
2019-09-22,-7.979,5.256
2019-09-23,-7.848,5.725
2019-09-24,-9.206,6.207
2019-09-25,-11.05,7.703
2019-09-26,-13.809,9.232
2019-09-27,-15.02,10.761
2019-09-28,-15.325,12.336
2019-09-29,-14.803,13.491
2019-09-30,-14.616,13.816
2019-10-01,-15.115,13.222
2019-10-02,-14.265,11.575
2019-10-03,-13.297,9.577
2019-10-04,-11.424,7.618
2019-10-05,-9.859,5.778
2019-10-06,-8.593,5.049
2019-10-07,-8.186,5.115
2019-10-08,-8.484,5.866
2019-10-09,-9.019,7.07
2019-10-10,-9.767,8.133
2019-10-11,-10.233,8.868
2019-10-12,-11.24,9.331
2019-10-13,-11.896,9.783
2019-10-14,-11.932,10.433
2019-10-15,-11.844,10.902
2019-10-16,-11.834,10.623
2019-10-17,-11.69,10.512
2019-10-18,-11.001,9.396
2019-10-19,-10.486,7.651
2019-10-20,-9.757,6.234
2019-10-21,-8.753,5.85
2019-10-22,-8.51,5.837
2019-10-23,-8.297,8.228
2019-10-24,-9.734,8.917
2019-10-25,-12.034,9.718
2019-10-26,-13.99,11.135
2019-10-27,-15.007,12.923
2019-10-28,-15.344,13.386
2019-10-29,-15.515,13.028
2019-10-30,-15.551,12.224
2019-10-31,-15.082,10.358
2019-11-01,-13.724,8.796
2019-11-02,-12.064,7.149
2019-11-03,-10.24,5.889
2019-11-04,-8.363,5.305
2019-11-05,-7.392,5.246
2019-11-06,-6.739,5.997
2019-11-07,-6.788,6.982
2019-11-08,-8.576,7.812
2019-11-09,-10.469,8.458
2019-11-10,-11.982,8.816
2019-11-11,-12.247,10.187
2019-11-12,-12.956,10.548
2019-11-13,-12.723,10.823
2019-11-14,-12.556,11.332
2019-11-15,-12.743,10.65
2019-11-16,-12.011,10.089
2019-11-17,-11.519,8.422
2019-11-18,-10.906,7.395
2019-11-19,-10.571,6.759
2019-11-20,-8.291,8.274
2019-11-21,-7.963,8.842
2019-11-22,-8.776,10.066
2019-11-23,-11.552,11.037
2019-11-24,-14.501,11.352
2019-11-25,-15.833,11.368
2019-11-26,-16.398,11.608
2019-11-27,-15.322,12.178
2019-11-28,-15.194,11.811
2019-11-29,-14.285,10.715
2019-11-30,-13.166,9.364
2019-12-01,-12.057,8.52
2019-12-02,-9.462,7.3
2019-12-03,-8.455,6.499
2019-12-04,-7.051,5.994
2019-12-05,-5.771,5.965
2019-12-06,-6.634,6.542
2019-12-07,-7.218,7.68
2019-12-08,-10.036,8.13
2019-12-09,-10.436,9.577
2019-12-10,-12.218,10.381
2019-12-11,-12.631,10.863
2019-12-12,-13.136,11.66
2019-12-13,-13.707,11.729
2019-12-14,-13.753,11.198
2019-12-15,-13.927,10.21
2019-12-16,-12.552,9.528
2019-12-17,-11.765,9.272
2019-12-18,-10.22,9.373
2019-12-19,-8.642,9.154
2019-12-20,-7.92,9.281
2019-12-21,-9.902,9.429
2019-12-22,-11.516,9.961
2019-12-23,-12.218,11.381
2019-12-24,-13.386,11.765
2019-12-25,-13.796,11.171
2019-12-26,-14.498,11.414
2019-12-27,-14.098,10.581
2019-12-28,-13.619,10.919
2019-12-29,-12.835,9.997
2019-12-30,-11.099,9.774
2019-12-31,-10.154,9.249
2020-01-01,-8.261,7.484
2020-01-02,-7.405,6.946
2020-01-03,-6.014,6.053
2020-01-04,-6.411,6.739
2020-01-05,-8.356,6.319
2020-01-06,-10.331,6.749
2020-01-07,-11.919,7.49
2020-01-08,-13.537,8.635
2020-01-09,-14.416,9.432
2020-01-10,-15.469,10.443
2020-01-11,-16.437,10.906
2020-01-12,-16.434,10.909
2020-01-13,-16.109,10.505
2020-01-14,-15.807,9.688
2020-01-15,-14.747,9.239
2020-01-16,-13.068,8.917
2020-01-17,-10.397,8.937
2020-01-18,-9.652,8.593
2020-01-19,-10.299,9.029
2020-01-20,-11.017,9.213
2020-01-21,-12.142,9.327
2020-01-22,-13.537,9.564
2020-01-23,-13.976,10.361
2020-01-24,-14.14,10.787
2020-01-25,-14.19,10.456
2020-01-26,-14.17,10.42
2020-01-27,-13.737,10.22
2020-01-28,-12.287,10.102
2020-01-29,-11.161,10.381
2020-01-30,-9.304,9.268
2020-01-31,-7.536,8.153
2020-02-01,-6.778,6.926
2020-02-02,-7.411,5.784
2020-02-03,-7.156,6.381
2020-02-04,-8.714,6.759
2020-02-05,-10.446,7.556
2020-02-06,-12.707,8.412
2020-02-07,-14.275,10.164
2020-02-08,-15.466,11.955
2020-02-09,-16.578,11.795
2020-02-10,-16.512,11.355
2020-02-11,-17.208,11.181
2020-02-12,-16.037,11.381
2020-02-13,-14.242,11.532
2020-02-14,-12.441,10.082
2020-02-15,-10.797,9.295
2020-02-16,-10.479,7.703
2020-02-17,-9.81,6.854
2020-02-18,-10.308,7.11
2020-02-19,-11.007,7.94
2020-02-20,-11.204,9.114
2020-02-21,-12.746,9.514
2020-02-22,-13.993,9.236
2020-02-23,-14.131,9.291
2020-02-24,-14.16,8.743
2020-02-25,-14.177,9.203
2020-02-26,-12.7,9.711
2020-02-27,-11.053,9.777
2020-02-28,-10.085,8.747
2020-02-29,-9.449,7.953
2020-03-01,-7.986,7.717
2020-03-02,-8.274,6.549
2020-03-03,-8.235,4.967
2020-03-04,-9.649,4.4
2020-03-05,-11.26,5.367
2020-03-06,-12.762,6.969
2020-03-07,-14.255,9.304
2020-03-08,-15.092,11.302
2020-03-09,-15.689,12.372
2020-03-10,-16.184,12.08
2020-03-11,-16.224,12.415
2020-03-12,-16.096,11.909
2020-03-13,-15.778,11.119
2020-03-14,-14.436,9.888
2020-03-15,-12.628,8.376
2020-03-16,-11.24,6.198
2020-03-17,-9.862,4.685
2020-03-18,-10.518,5.157
2020-03-19,-10.702,5.627
2020-03-20,-12.218,6.555
2020-03-21,-12.625,7.51
2020-03-22,-13.474,7.726
2020-03-23,-13.022,8.343
2020-03-24,-12.497,8.963
2020-03-25,-11.929,9.498
2020-03-26,-12.303,9.629
2020-03-27,-12.205,9.249
2020-03-28,-12.054,9.026
2020-03-29,-11.289,7.605
2020-03-30,-10.472,7.014
2020-03-31,-9.78,5.604
2020-04-01,-9.344,3.944
2020-04-02,-9.383,3.947
2020-04-03,-10.719,5.03
2020-04-04,-12.257,6.401
2020-04-05,-13.684,8.527
2020-04-06,-14.774,9.908
2020-04-07,-15.187,11.066
2020-04-08,-15.21,12.267
2020-04-09,-16.929,12.723
2020-04-10,-17.018,12.438
2020-04-11,-16.004,11.293
2020-04-12,-14.255,10.049
2020-04-13,-12.306,8.363
2020-04-14,-10.643,5.489
2020-04-15,-9.199,4.957
2020-04-16,-9.111,5.312
2020-04-17,-9.452,5.607
2020-04-18,-10.039,6.322
2020-04-19,-10.246,7.27
2020-04-20,-10.256,8.143
2020-04-21,-11.106,8.77
2020-04-22,-12.244,9.334
2020-04-23,-13.015,9.547
2020-04-24,-13.192,9.56
2020-04-25,-12.933,9.619
2020-04-26,-12.52,9.452
2020-04-27,-11.778,8.839
2020-04-28,-10.965,7.795
2020-04-29,-9.948,6.522
2020-04-30,-8.845,5.85
2020-05-01,-9.108,5.876
2020-05-02,-9.354,6.204
2020-05-03,-10.269,7.352
2020-05-04,-11.535,9.016
2020-05-05,-12.887,10.348
2020-05-06,-14.856,11.647
2020-05-07,-15.948,12.464
2020-05-08,-16.24,12.746
2020-05-09,-16.319,11.837
2020-05-10,-15.23,11.28
2020-05-11,-13.655,9.275
2020-05-12,-12.178,6.86
2020-05-13,-4.793,4.17
2020-05-14,-8.944,3.455
2020-05-15,-7.349,5.545
2020-05-16,-7.651,5.958
2020-05-17,4.065,5.217
2020-05-18,,
2020-05-19,-7.546,2.612
2020-05-20,-11.552,7.818
2020-05-21,-1.342,5.322
2020-05-22,,
2020-05-23,,
2020-05-24,-13.848,8.038
2020-05-25,-13.766,8.077
2020-05-26,-13.455,7.146
2020-05-27,-6.086,-3.064
2020-05-28,-11.421,6.69
2020-05-29,-10.253,6.781
2020-05-30,-9.137,6.673
2020-05-31,-8.816,7.89
2020-06-01,,
2020-06-02,,
2020-06-03,,
2020-06-04,,
2020-06-05,,
2020-06-06,,
2020-06-07,,
2020-06-08,,
2020-06-09,,
2020-06-10,,
2020-06-11,,
2020-06-12,,
2020-06-13,,
2020-06-14,,
2020-06-15,,
2020-06-16,,
2020-06-17,,
2020-06-18,,
2020-06-19,,
2020-06-20,,
2020-06-21,,
2020-06-22,,
2020-06-23,,
2020-06-24,,
2020-06-25,,
2020-06-26,,
2020-06-27,,
2020-06-28,,
2020-06-29,,
2020-06-30,-8.002,7.618
2020-07-01,-12.51,8.543
2020-07-02,-13.783,9.226
2020-07-03,-14.6,9.964
2020-07-04,-15.23,10.499
2020-07-05,-15.302,10.889
2020-07-06,-15.256,10.577
2020-07-07,-14.757,9.472
2020-07-08,-13.763,9.357
2020-07-09,-12.241,8.504
2020-07-10,-10.417,7.805
2020-07-11,-8.494,7.188
2020-07-12,-6.48,6.345
2020-07-13,-6.355,6.138
2020-07-14,-6.749,5.932
2020-07-15,-7.694,5.797
2020-07-16,-8.894,6.129
2020-07-17,-10.522,6.755
2020-07-18,-11.985,7.72
2020-07-19,-13.451,8.635
2020-07-20,-14.108,10.026
2020-07-21,-14.846,10.548
2020-07-22,-15.046,10.748
2020-07-23,-14.806,10.666
2020-07-24,-13.858,10.207
2020-07-25,-12.493,9.898
2020-07-26,-10.748,9.455
2020-07-27,-9.783,8.717
2020-07-28,-9.997,8.031
2020-07-29,-10.594,7.792
2020-07-30,-11.227,8.064
2020-07-31,-12.448,8.232
2020-08-01,-13.235,9.032
2020-08-02,-13.737,9.957
2020-08-03,-14.131,10.522
2020-08-04,-14.144,10.564
2020-08-05,-13.471,10.449
2020-08-06,-12.359,9.905
2020-08-07,-11.355,9.206
2020-08-08,-10.18,8.356
2020-08-09,-8.133,7.707
2020-08-10,-7.579,6.598
2020-08-11,-6.916,5.676
2020-08-12,-6.778,4.875
2020-08-13,-7.385,4.639
2020-08-14,-8.468,4.754
2020-08-15,-10.043,5.768
2020-08-16,-11.788,7.119
2020-08-17,-13.136,8.766
2020-08-18,-14.416,10.318
2020-08-19,-15.184,11.211
2020-08-20,-15.197,11.886
2020-08-21,-14.659,12.083
2020-08-22,-13.638,11.975
2020-08-23,-12.093,11.335
2020-08-24,-11.621,10.22
2020-08-25,-10.768,8.711
2020-08-26,-9.954,7.303
2020-08-27,-9.633,6.631
2020-08-28,-9.97,6.713
2020-08-29,-10.955,7.382
2020-08-30,-11.68,9.167
2020-08-31,-11.529,10.072
2020-09-01,-12.776,10.384
2020-09-02,-12.877,10.292
2020-09-03,-12.438,10.125
2020-09-04,-12.215,9.469
2020-09-05,-11.391,8.976
2020-09-06,-10.696,8.658
2020-09-07,-9.823,7.881
2020-09-08,-8.957,6.572
2020-09-09,-8.294,5.095
2020-09-10,-8.005,3.917
2020-09-11,-7.713,3.573
2020-09-12,-8.215,4.157
2020-09-13,-9.646,5.614
2020-09-14,-11.509,7.169
2020-09-15,-13.012,8.376
2020-09-16,-14.222,10.075
2020-09-17,-13.907,12.503
2020-09-18,-14.019,13.261
2020-09-19,-13.832,13.274
2020-09-20,-14.446,4.78
2020-09-21,,
2020-09-22,,
2020-09-23,,
2020-09-24,-2.454,6.188
2020-09-25,-8.297,5.712
2020-09-26,-8.373,5.738
2020-09-27,-4.304,3.937
2020-09-28,-9.928,8.537
2020-09-29,-11.27,7.74
2020-09-30,-9.551,2.001
2020-10-01,,
2020-10-02,,
2020-10-03,,
2020-10-04,,
2020-10-05,,
2020-10-06,,
2020-10-07,,
2020-10-08,,
2020-10-09,,
2020-10-10,,
2020-10-11,,
2020-10-12,,
2020-10-13,,
2020-10-14,,
2020-10-15,-13.894,-4.14
2020-10-16,-15.558,11.844
2020-10-17,-16.148,12.871
2020-10-18,-15.732,13.186
2020-10-19,-16.122,12.408
2020-10-20,-15.84,10.151
2020-10-21,-14.642,8.432
2020-10-22,-12.52,6.362
2020-10-23,-10.305,5.636
2020-10-24,-9.088,5.509
2020-10-25,-8.376,6.03
2020-10-26,-7.402,7.52
2020-10-27,-9.081,7.799
2020-10-28,-10.476,8.373
2020-10-29,-11.46,9.003
2020-10-30,-12.451,9.035
2020-10-31,-13.081,9.488
2020-11-01,-13.839,8.52
2020-11-02,-13.32,9.577
2020-11-03,-12.907,9.199
2020-11-04,-12.333,7.776
2020-11-05,-12.224,6.827
2020-11-06,-11.168,5.548
2020-11-07,-10.413,4.623
2020-11-08,-8.953,5.764
2020-11-09,-9.134,6.007
2020-11-10,-9.111,6.706
2020-11-11,-9.646,9.416
2020-11-12,-12.014,10.791
2020-11-13,-14.242,12.149
2020-11-14,-15.761,13.077
2020-11-15,-16.745,13.061
2020-11-16,-16.781,12.684
2020-11-17,-16.857,11.877
2020-11-18,-16.056,10.673
2020-11-19,-14.61,8.589
2020-11-20,-12.976,7.411
2020-11-21,-10.486,6.67
2020-11-22,-8.153,7.218
2020-11-23,-6.565,6.719
2020-11-24,-7.185,7.467
2020-11-25,-7.559,8.524
2020-11-26,-10.39,8.468
2020-11-27,-10.755,9.4
2020-11-28,-11.076,9.934
2020-11-29,-12.254,10.167
2020-11-30,-12.218,10.007
2020-12-01,-11.873,10.732
2020-12-02,-12.267,10.213
2020-12-03,-12.694,8.898
2020-12-04,-12.864,8.077
2020-12-05,-12.005,7.277
2020-12-06,-10.407,7.595
2020-12-07,-8.835,7.93
2020-12-08,-7.887,8.291
2020-12-09,-8.264,8.146
2020-12-10,-10.876,8.976
2020-12-11,-13.084,9.8
2020-12-12,-14.288,11.135
2020-12-13,-15.092,12.536
2020-12-14,-15.873,13.238
2020-12-15,-15.751,12.031
2020-12-16,-15.686,12.198
2020-12-17,-15.446,11.191
2020-12-18,-13.415,10.466
2020-12-19,-12.484,9.285
2020-12-20,-10.377,8.497
2020-12-21,-8.875,7.365
2020-12-22,-6.309,7.651
2020-12-23,-6.201,7.684
2020-12-24,-7.7,6.857
2020-12-25,-8.862,7.267
2020-12-26,-10.564,8.297
2020-12-27,-11.624,8.432
2020-12-28,-12.526,9.521
2020-12-29,-13.015,9.833
2020-12-30,-13.852,10.02
2020-12-31,-13.921,10.033
2021-01-01,-14.075,10.338
2021-01-02,-13.159,10.161
2021-01-03,-12.493,9.665
2021-01-04,-11.808,9.167
2021-01-05,-9.908,9.321
2021-01-06,-7.802,9.37
2021-01-07,-8.018,9.373
2021-01-08,-10.059,9.81
2021-01-09,-11.476,9.967
2021-01-10,-11.601,11.457
2021-01-11,-13.186,12.116
2021-01-12,-14.216,13.009
2021-01-13,-15.213,12.31
2021-01-14,-14.987,12.339
2021-01-15,-13.766,11.601
2021-01-16,-14.075,10.354
2021-01-17,-11.765,9.997
2021-01-18,-10.873,9.364
2021-01-19,-7.927,8.251
2021-01-20,-7.283,6.936
2021-01-21,-6.752,6.227
2021-01-22,-7.523,5.545
2021-01-23,-8.094,5.758
2021-01-24,-10.367,5.702
2021-01-25,-11.43,6.699
2021-01-26,-13.031,7.516
2021-01-27,-13.911,9.026
2021-01-28,-13.947,10.243
2021-01-29,-14.236,11.411
2021-01-30,-14.268,10.863
2021-01-31,-15.095,10.344
2021-02-01,-14.514,10.256
2021-02-02,-13.241,10.312
2021-02-03,-11.388,10.151
2021-02-04,-9.869,8.98
2021-02-05,-10.558,8.018
2021-02-06,-11.693,6.781
2021-02-07,-12.746,7.106
2021-02-08,-13.612,7.867
2021-02-09,-14.738,8.986
2021-02-10,-15.276,9.77
2021-02-11,-14.885,11.089
2021-02-12,-15.033,10.84
2021-02-13,-15.079,10.554
2021-02-14,-13.917,10.387
2021-02-15,-12.694,10.046
2021-02-16,-11.335,9.35
2021-02-17,-9.747,8.278
2021-02-18,-7.661,7.805
2021-02-19,-7.201,5.627
2021-02-20,-6.565,5.279
2021-02-21,-7.385,4.803
2021-02-22,-9.908,4.636
2021-02-23,-11.647,5.328
2021-02-24,-12.149,7.776
2021-02-25,-14.537,8.655
2021-02-26,-15.105,10.125
2021-02-27,-15.02,11.45
2021-02-28,-14.777,11.06
2021-03-01,-15.154,11.972
2021-03-02,-13.967,12.09
2021-03-03,-13.202,11.781
2021-03-04,-12.507,10.751
2021-03-05,-11.388,9.285
2021-03-06,-10.61,7.552
2021-03-07,-11.142,5.787
2021-03-08,-11.44,5.686
2021-03-09,-12.552,6.781
2021-03-10,-13.333,8.301
2021-03-11,-13.97,8.717
2021-03-12,-14.544,9.501
2021-03-13,-13.629,9.751
2021-03-14,-13.173,10.151
2021-03-15,-12.503,10.499
2021-03-16,-11.883,9.859
2021-03-17,-11.342,9.229
2021-03-18,-10.581,8.363
2021-03-19,-9.678,7.352
2021-03-20,-8.488,5.617
2021-03-21,-7.779,4.386
2021-03-22,-7.641,3.757
2021-03-23,-9.009,3.832
2021-03-24,-10.827,5.341
2021-03-25,-12.257,6.699
2021-03-26,-13.599,8.36
2021-03-27,-14.774,9.616
2021-03-28,-15.164,10.666
2021-03-29,-14.993,11.637
2021-03-30,-15.551,12.49
2021-03-31,-15.755,12.53
2021-04-01,-15.243,11.585
2021-04-02,-14.009,10.115
2021-04-03,-12.343,8.205
2021-04-04,-10.482,6.506
2021-04-05,-10.863,4.934
2021-04-06,-10.633,4.416
2021-04-07,-11.368,6.467
2021-04-08,-13.054,7.26
2021-04-09,-12.674,7.657
2021-04-10,-12.592,8.425
2021-04-11,-12.943,8.855
2021-04-12,-12.749,9.567
2021-04-13,-13.159,9.826
2021-04-14,-12.556,9.475
2021-04-15,-12.89,8.691
2021-04-16,-12.562,7.612
2021-04-17,-11.594,6.43
2021-04-18,-10.308,5.135
2021-04-19,-8.835,4.016
2021-04-20,-8.757,4.049
2021-04-21,-8.848,4.255
2021-04-22,-9.872,5.164
2021-04-23,-11.306,6.427
2021-04-24,-12.398,8.018
2021-04-25,-12.887,9.695
2021-04-26,-14.701,11.381
2021-04-27,-15.81,12.795
2021-04-28,-16.388,13.156
2021-04-29,-16.007,12.966
2021-04-30,-15.463,11.686
2021-05-01,-14.285,9.993
2021-05-02,-12.421,7.769
2021-05-03,-10.243,6.289
2021-05-04,-9.37,5.899
2021-05-05,-9.085,6.181
2021-05-06,-8.819,6.824
2021-05-07,-9.265,7.523
2021-05-08,-10.413,8.13
2021-05-09,-11.585,8.504
2021-05-10,-12.484,8.825
2021-05-11,-12.802,9.022
2021-05-12,-13.264,8.888
2021-05-13,-13.268,8.747
2021-05-14,-12.625,8.747
2021-05-15,-11.988,8.13
2021-05-16,-11.588,7.024
2021-05-17,-10.81,5.81
2021-05-18,-9.839,5.062
2021-05-19,-8.957,5.315
2021-05-20,-8.153,6.007
2021-05-21,-8.665,6.243
2021-05-22,-9.787,7.27
2021-05-23,-11.693,8.399
2021-05-24,-14.131,9.974
2021-05-25,-15.604,11.391
2021-05-26,-16.358,12.51
2021-05-27,-16.398,12.841
2021-05-28,-16.148,12.746
2021-05-29,-15.253,11.719
2021-05-30,-13.944,9.865
2021-05-31,-11.923,8.255
2021-06-01,-10.177,7.431
2021-06-02,-8.225,7.349
2021-06-03,-7.011,7.215
2021-06-04,-6.831,7.293
2021-06-05,-8.327,7.267
2021-06-06,-9.911,7.31
2021-06-07,-10.945,7.7
2021-06-08,-11.834,7.995
2021-06-09,-12.32,8.327
2021-06-10,-12.913,8.428
2021-06-11,-13.32,8.415
2021-06-12,-13.153,8.52
2021-06-13,-12.746,8.317
2021-06-14,-12.339,7.48
2021-06-15,-11.575,6.821
2021-06-16,-10.804,6.473
2021-06-17,-9.642,6.683
2021-06-18,-8.491,7.224
2021-06-19,-7.881,7.871
2021-06-20,-9.787,8.009
2021-06-21,-11.713,9.19
2021-06-22,-13.625,10.098
2021-06-23,-14.56,11.227
2021-06-24,-15.279,12.195
2021-06-25,-16.04,12.201
2021-06-26,-16.106,11.755
2021-06-27,-15.712,10.755
2021-06-28,-14.455,9.633
2021-06-29,-12.956,8.212
2021-06-30,-10.846,7.618
2021-07-01,-8.579,7.054
2021-07-02,-6.87,6.263
2021-07-03,-7.749,6.079
2021-07-04,-8.72,5.833
2021-07-05,-9.603,5.951
2021-07-06,-10.289,6.394
2021-07-07,-11.407,7.198
2021-07-08,-12.32,7.674
2021-07-09,-12.946,8.31
2021-07-10,-13.543,8.675
2021-07-11,-13.383,9.111
2021-07-12,-13.143,9.386
2021-07-13,-13.074,8.986
2021-07-14,-12.405,8.445
2021-07-15,-11.565,8.235
2021-07-16,-9.928,8.064
2021-07-17,-8.76,7.972
2021-07-18,-9.495,8.081
2021-07-19,-10.548,8.255
2021-07-20,-11.883,8.576
2021-07-21,-13.091,9.255
2021-07-22,-14.295,10.135
2021-07-23,-14.951,10.801
2021-07-24,-15.574,11.604
2021-07-25,-15.479,11.614
2021-07-26,-14.859,11.112
2021-07-27,-13.799,10.072
2021-07-28,-11.955,9.222
2021-07-29,-10.256,8.189
2021-07-30,-8.36,7.152
2021-07-31,-7.74,5.883
2021-08-01,-7.467,5.039
2021-08-02,-7.539,4.879
2021-08-03,-8.127,4.997
2021-08-04,-9.265,5.354
2021-08-05,-10.587,6.201
2021-08-06,-11.801,7.195
2021-08-07,-12.828,8.199
2021-08-08,-13.606,9.278
2021-08-09,-13.671,10.344
2021-08-10,-13.606,10.472
2021-08-11,-13.593,10.276
2021-08-12,-12.392,10.39
2021-08-13,-11.171,9.925
2021-08-14,-10.587,9.226
2021-08-15,-10.315,8.205
2021-08-16,-10.243,7.582
2021-08-17,-10.341,7.267
2021-08-18,-11.217,7.385
2021-08-19,-12.785,7.733
2021-08-20,-14.006,9.016
2021-08-21,-15.213,9.797
2021-08-22,-15.197,10.791
2021-08-23,-14.531,11.296
2021-08-24,-13.763,11.083
2021-08-25,-12.428,10.597
2021-08-26,-10.925,9.875
2021-08-27,-9.856,8.166
2021-08-28,-9.58,7.224
2021-08-29,-8.471,5.564
2021-08-30,-7.566,4.295
2021-08-31,-6.841,3.73
2021-09-01,-6.89,4.206
2021-09-02,-7.657,5.571
2021-09-03,-9.364,6.434
2021-09-04,-10.984,7.756
2021-09-05,-12.356,9.032
2021-09-06,-13.547,9.783
2021-09-07,-13.901,10.636
2021-09-08,-13.737,11.457
2021-09-09,-13.012,12.123
2021-09-10,-12.346,12.073
2021-09-11,-12.392,10.974
2021-09-12,-12.07,10.213
2021-09-13,-10.157,8.438
2021-09-14,-9.544,6.509
2021-09-15,-9.465,5.778
2021-09-16,-10.259,6.424
2021-09-17,-10.151,8.274
2021-09-18,-12.165,9.485
2021-09-19,-12.835,10.295
2021-09-20,-12.736,11.188
2021-09-21,-12.726,11.132
2021-09-22,-12.228,10.738
2021-09-23,-12.234,11.257
2021-09-24,-11.509,9.652
2021-09-25,-11.194,8.556
2021-09-26,-10.105,7.228
2021-09-27,-8.914,6.027
2021-09-28,-7.398,4.327
2021-09-29,-6.335,3.967
2021-09-30,-5.873,4.715
2021-10-01,-6.549,5.758
2021-10-02,-8.734,6.601
2021-10-03,-10.656,7.789
2021-10-04,-12.32,9.288
2021-10-05,-12.743,10.784
2021-10-06,-13.415,12.333
2021-10-07,-14.344,12.904
2021-10-08,-14.209,13.671
2021-10-09,-13.94,12.323
2021-10-10,-14.524,10.83
2021-10-11,-13.455,9.183
2021-10-12,-10.804,7.743
2021-10-13,-9.403,6.594
2021-10-14,-8.842,6.673
2021-10-15,-9.383,7.034
2021-10-16,-10.459,8.13
2021-10-17,-10.604,9.163
2021-10-18,-10.476,10.561
2021-10-19,-11.24,11.65
2021-10-20,-12.031,11.542
2021-10-21,-11.913,11.512
2021-10-22,-11.45,11.25
2021-10-23,-11.394,10.236
2021-10-24,-10.656,9.193
2021-10-25,-10.118,8.304
2021-10-26,-8.862,6.624
2021-10-27,-8.291,5.377
2021-10-28,-7.461,4.583
2021-10-29,-6.444,5.256
2021-10-30,-5.594,7.09
2021-10-31,-6.598,7.795
2021-11-01,-8.74,8.809
2021-11-02,-10.974,10.505
2021-11-03,-13.002,12.375
2021-11-04,-14.633,13.442
2021-11-05,-15.545,13.75
2021-11-06,-15.64,13.356
2021-11-07,-15.928,12.536
2021-11-08,-15.233,11.211
2021-11-09,-13.681,9.262
2021-11-10,-11.923,7.595
2021-11-11,-10.397,7.169
2021-11-12,-8.593,7.418
2021-11-13,-8.435,7.49
2021-11-14,-8.77,8.31
2021-11-15,-10.276,9.016
2021-11-16,-11.572,9.341
2021-11-17,-12.605,9.495
2021-11-18,-13.264,9.731
2021-11-19,-13.645,9.239
2021-11-20,-12.526,9.314
2021-11-21,-12.372,9.278
2021-11-22,-12.457,8.517
2021-11-23,-11.913,7.598
2021-11-24,-11.171,6.946
2021-11-25,-9.541,6.529
2021-11-26,-9.058,5.509
2021-11-27,-8.087,6.047
2021-11-28,-7.398,6.309
2021-11-29,-7.884,6.821
2021-11-30,-9.403,9.856
2021-12-01,-12.828,10.236
2021-12-02,-15.207,10.906
2021-12-03,-16.585,11.886
2021-12-04,-17.47,12.365
2021-12-05,-16.135,12.69
2021-12-06,-16.142,12.605
2021-12-07,-15.909,10.449
2021-12-08,-15.007,9.593
2021-12-09,-13.14,8.376
2021-12-10,-10.207,8.776
2021-12-11,-9.032,7.457
2021-12-12,-7.969,7.087
2021-12-13,-9.39,7.454
2021-12-14,-10.325,7.772
2021-12-15,-11.755,7.602
2021-12-16,-12.349,8.205
2021-12-17,-13.225,8.629
2021-12-18,-14.101,8.57
2021-12-19,-14.094,8.435
2021-12-20,-13.681,8.711
2021-12-21,-13.75,8.196
2021-12-22,-13.668,8.123
2021-12-23,-13.179,7.497
2021-12-24,-12.628,6.739
2021-12-25,-11.257,6.742
2021-12-26,-9.856,6.923
2021-12-27,-8.435,6.946
2021-12-28,-9.14,7.503
2021-12-29,-11.709,8.35
2021-12-30,-13.222,9.337
2021-12-31,-14.216,11.056
2022-01-01,-16.952,10.866
2022-01-02,-18.323,10.886
2022-01-03,-17.467,12.09
2022-01-04,-17.47,11.447
2022-01-05,-17.051,10.509
2022-01-06,-15.951,9.954
2022-01-07,-14.331,9.698
2022-01-08,-11.991,8.934
2022-01-09,-9.222,8.343
2022-01-10,-6.893,8.074
2022-01-11,-7.743,7.717
2022-01-12,-8.904,6.988
2022-01-13,-9.222,7.09
2022-01-14,-11.01,7.936
2022-01-15,-11.962,8.133
2022-01-16,-13.314,8.33
2022-01-17,-13.957,8.809
2022-01-18,-14.108,9.403
2022-01-19,-14.068,10.322
2022-01-20,-13.399,9.311
2022-01-21,-13.366,9.573
2022-01-22,-11.952,9.685
2022-01-23,-11.158,9.055
2022-01-24,-9.409,8.957
2022-01-25,-9.534,8.366
2022-01-26,-10.233,7.388
2022-01-27,-10.253,7.835
2022-01-28,-12.126,8.648
2022-01-29,-13.488,9.665
2022-01-30,-15.571,10.479
2022-01-31,-16.775,10.866
2022-02-01,-16.483,11.316
2022-02-02,-16.293,11.781
2022-02-03,-16.339,11.683
2022-02-04,-14.334,11.663
2022-02-05,-13.583,10.663
2022-02-06,-10.44,10.341
2022-02-07,-8.363,8.97
2022-02-08,-6.798,7.713
2022-02-09,-7.146,6.155
2022-02-10,-8.901,4.249
2022-02-11,-9.058,4.656
2022-02-12,-10.761,5.397
2022-02-13,-12.224,6.339
2022-02-14,-13.396,7.313
2022-02-15,-14.295,8.386
2022-02-16,-14.429,9.846
2022-02-17,-14.072,9.806
2022-02-18,-14.114,10.007
2022-02-19,-13.819,9.777
2022-02-20,-13.753,9.459
2022-02-21,-12.74,9.167
2022-02-22,-11.204,8.986
2022-02-23,-10.741,8.081
2022-02-24,-10.174,7.283
2022-02-25,-9.636,7.149
2022-02-26,-11.191,7.388
2022-02-27,-13.068,8.264
2022-02-28,-14.423,9.724
2022-03-01,-15.331,10.682
2022-03-02,-15.512,11.23
2022-03-03,-14.987,11.158
2022-03-04,-14.977,11.654
2022-03-05,-13.865,11.109
2022-03-06,-12.812,9.839
2022-03-07,-12.139,8.468
2022-03-08,-10.63,6.985
2022-03-09,-8.707,5.968
2022-03-10,-6.916,4.472
2022-03-11,-6.886,3.704
2022-03-12,-7.497,4.216
2022-03-13,-8.753,4.911
2022-03-14,-10.082,6.119
2022-03-15,-11.588,7.628
2022-03-16,-12.08,9.075
2022-03-17,-13.077,10.066
2022-03-18,-12.523,11.198
2022-03-19,-12.359,11.463
2022-03-20,-13.235,11.939
2022-03-21,-13.734,11.611
2022-03-22,-12.543,11.306
2022-03-23,-11.745,10.535
2022-03-24,-10.738,8.422
2022-03-25,-9.291,7.369
2022-03-26,-9.954,5.738
2022-03-27,-10.482,6.414
2022-03-28,-11.227,7.612
2022-03-29,-12.585,9.124
2022-03-30,-13.261,9.957
2022-03-31,-12.569,10.656
2022-04-01,-12.464,11.444
2022-04-02,-12.959,11.781
2022-04-03,-12.677,11.532
2022-04-04,-12.169,10.955
2022-04-05,-11.302,9.678
2022-04-06,-10.512,7.904
2022-04-07,-9.042,6.053
2022-04-08,-8.369,4.406
2022-04-09,-7.746,2.943
2022-04-10,-7.792,3.232
2022-04-11,-8.717,3.93
2022-04-12,-10.308,5.125
2022-04-13,-11.634,6.289
2022-04-14,-12.018,7.835
2022-04-15,-12.562,9.236
2022-04-16,-14.098,10.466
2022-04-17,-15.417,11.299
2022-04-18,-15.787,11.818
2022-04-19,-15.397,12.142
2022-04-20,-14.892,11.112
2022-04-21,-13.238,9.738
2022-04-22,-11.178,7.933
2022-04-23,-10.249,6.204
2022-04-24,-9.941,6.122
2022-04-25,-10.246,6.575
2022-04-26,-10.873,7.454
2022-04-27,-11.017,8.373
2022-04-28,-11.709,9.383
2022-04-29,-13.064,9.764
2022-04-30,-13.432,10.233
2022-05-01,-12.858,10.741
2022-05-02,-12.749,10.692
2022-05-03,-12.106,9.964
2022-05-04,-11.542,9.022
2022-05-05,-10.545,7.703
2022-05-06,-9.587,6.194
2022-05-07,-8.852,4.4
2022-05-08,-8.169,4.416
2022-05-09,-7.648,4.393
2022-05-10,-7.68,4.688
2022-05-11,-8.415,5.456
2022-05-12,-9.186,6.614
2022-05-13,-11.43,8.245
2022-05-14,-13.392,9.475
2022-05-15,-14.738,10.974
2022-05-16,-15.643,12.014
2022-05-17,-16.119,12.3
2022-05-18,-16.093,11.975
2022-05-19,-15.689,10.636
2022-05-20,-14.285,9.085
2022-05-21,-12.444,7.365
2022-05-22,-10.86,7.192
2022-05-23,-9.472,7.231
2022-05-24,-8.888,7.352
2022-05-25,-8.986,7.657
2022-05-26,-10.322,8.071
2022-05-27,-11.512,8.645
2022-05-28,-12.592,8.885
2022-05-29,-13.199,8.93
2022-05-30,-13.717,8.786
2022-05-31,-13.789,7.828
2022-06-01,-13.514,8.196
2022-06-02,-12.825,7.635
2022-06-03,-11.765,7.103
2022-06-04,-10.541,6.289
2022-06-05,-9.101,6.083
2022-06-06,-8.478,5.725
2022-06-07,-7.579,5.837
2022-06-08,-6.841,6.604
2022-06-09,-6.886,6.857
2022-06-10,-8.976,7.766
2022-06-11,-11.043,9.003
2022-06-12,-13.287,9.951
2022-06-13,-14.675,11.093
2022-06-14,-16.089,11.608
2022-06-15,-16.614,11.808
2022-06-16,-16.342,11.873
2022-06-17,-15.515,11.043
2022-06-18,-14.341,9.964
2022-06-19,-12.861,8.488
2022-06-20,-11.06,8.002
2022-06-21,-8.96,7.572
2022-06-22,-8.369,7.146
2022-06-23,-9.183,7.188
2022-06-24,-10.2,7.182
2022-06-25,-11.325,7.208
2022-06-26,-12.149,7.356
2022-06-27,-12.799,7.493
2022-06-28,-13.202,7.828
2022-06-29,-13.245,8.15
2022-06-30,-13.478,8.081
2022-07-01,-13.159,7.956
2022-07-02,-12.539,7.661
2022-07-03,-11.781,7.251
2022-07-04,-10.889,7.159
2022-07-05,-9.498,6.985
2022-07-06,-8.028,7.031
2022-07-07,-7.06,7.26
2022-07-08,-8.133,7.812
2022-07-09,-9.865,7.822
2022-07-10,-11.798,8.402
2022-07-11,-13.556,9.364
2022-07-12,-14.839,10.827
2022-07-13,-15.554,11.801
2022-07-14,-16.25,12.395
2022-07-15,-16.04,12.369
2022-07-16,-15.279,12.037
2022-07-17,-13.76,11.03
2022-07-18,-12.175,10.105
2022-07-19,-9.905,9.072
2022-07-20,-8.478,8.035
2022-07-21,-8.009,6.854
2022-07-22,-7.959,6.572
2022-07-23,-8.957,5.869
2022-07-24,-9.649,5.886
2022-07-25,-10.315,6.496
2022-07-26,-11.9,6.955
2022-07-27,-12.772,7.385
2022-07-28,-13.166,8.058
2022-07-29,-13.251,8.609
2022-07-30,-13.182,8.94
2022-07-31,-13.143,8.783
2022-08-01,-12.336,8.54
2022-08-02,-11.483,8.176
2022-08-03,-10.092,8.182
2022-08-04,-8.812,8.071
2022-08-05,-8.668,7.602
2022-08-06,-9.091,6.995
2022-08-07,-10.417,7.526
2022-08-08,-11.49,7.687
2022-08-09,-13.13,8.438
2022-08-10,-14.839,9.446
2022-08-11,-15.82,10.948
2022-08-12,-16.063,11.686
2022-08-13,-15.673,12.405
2022-08-14,-14.977,12.018
2022-08-15,-13.714,11.365
2022-08-16,-11.348,10.538
2022-08-17,-9.944,9.514
2022-08-18,-9.144,7.198
2022-08-19,-8.379,5.758
2022-08-20,-7.477,4.57
2022-08-21,-7.556,4.56
2022-08-22,-8.133,5.072
2022-08-23,-9.573,5.807
2022-08-24,-10.823,6.936
2022-08-25,-11.795,7.936
2022-08-26,-12.516,8.98
2022-08-27,-12.861,9.656
2022-08-28,-12.605,10.171
2022-08-29,-12.274,10.4
2022-08-30,-11.677,10.358
2022-08-31,-10.906,10.19
2022-09-01,-10.702,9.783
2022-09-02,-10.072,9.288
2022-09-03,-9.016,7.694
2022-09-04,-9.098,6.467
2022-09-05,-9.511,6.293
2022-09-06,-10.722,6.66
2022-09-07,-12.477,8.051
2022-09-08,-13.619,10.098
2022-09-09,-14.14,11.483
2022-09-10,-14.774,12.057
2022-09-11,-14.436,12.26
2022-09-12,-13.258,12.159
2022-09-13,-13.028,11.693
2022-09-14,-12.343,10.387
2022-09-15,-11.335,8.629
2022-09-16,-9.925,6.503
2022-09-17,-8.127,4.898
2022-09-18,-7.264,3.888
2022-09-19,-6.627,4.58
2022-09-20,-7.178,4.951
2022-09-21,-8.238,6.165
2022-09-22,-9.4,7.454
2022-09-23,-10.499,8.737
2022-09-24,-11.775,9.764
2022-09-25,-12.201,10.413
2022-09-26,-12.228,11.49
2022-09-27,-12.989,11.726
2022-09-28,-13.009,11.699
2022-09-29,-12.766,11.106
2022-09-30,-12.799,10.033
2022-10-01,-11.919,8.553
2022-10-02,-10.719,6.808
2022-10-03,-9.544,5.518
2022-10-04,-9.652,5.892
2022-10-05,-10.285,7.024
2022-10-06,-12.08,8.199
2022-10-07,-12.651,10.046
2022-10-08,-12.657,11.903
2022-10-09,-14.167,12.228
2022-10-10,-14.341,11.719
2022-10-11,-14.452,11.263
2022-10-12,-14.514,10.837
2022-10-13,-13.071,9.449
2022-10-14,-12.651,7.52
2022-10-15,-10.873,6.795
2022-10-16,-8.222,5.594
2022-10-17,-6.549,4.911
2022-10-18,-6.109,4.669
2022-10-19,-6.06,5.761
2022-10-20,-6.955,6.342
2022-10-21,-8.547,6.703
2022-10-22,-10.341,8.048
2022-10-23,-12.159,9.606
2022-10-24,-13.684,10.827
2022-10-25,-14.003,11.778
2022-10-26,-14.642,12.943
2022-10-27,-14.577,12.323
2022-10-28,-14.59,11.821
2022-10-29,-14.232,10.909
2022-10-30,-12.89,8.058
2022-10-31,-12.077,6.26
2022-11-01,-10.518,6.404
2022-11-02,-9.15,7.234
2022-11-03,-9.603,8.143
2022-11-04,-11.01,8.799
2022-11-05,-13.084,8.845
2022-11-06,-14.285,9.816
2022-11-07,-14.587,10.696
2022-11-08,-14.639,10.751
2022-11-09,-13.839,10.797
2022-11-10,-13.648,10.344
2022-11-11,-13.373,9.36
2022-11-12,-11.749,8.579
2022-11-13,-10.653,6.965
2022-11-14,-9.37,5.522
2022-11-15,-9.209,4.337
2022-11-16,-8.117,4.327
2022-11-17,-7.07,4.751
2022-11-18,-6.932,5.719
2022-11-19,-7.749,7.421
2022-11-20,-10.358,9.045
2022-11-21,-11.726,10.502
2022-11-22,-13.74,11.499
2022-11-23,-14.619,12.415
2022-11-24,-14.997,13.189
2022-11-25,-15.663,12.523
2022-11-26,-16.037,10.823
2022-11-27,-16.158,9.413
2022-11-28,-15.177,7.838
2022-11-29,-13.593,6.955
2022-11-30,-11.978,7.044
2022-12-01,-10.653,7.329
2022-12-02,-9.416,7.53
2022-12-03,-10.817,8.143
2022-12-04,-12.346,8.652
2022-12-05,-12.907,9.101
2022-12-06,-13.442,9.99
2022-12-07,-14.035,9.314
2022-12-08,-13.832,9.731
2022-12-09,-13.671,9.206
2022-12-10,-13.74,8.629
2022-12-11,-13.274,7.592
2022-12-12,-11.404,7.802
2022-12-13,-11.066,6.683
2022-12-14,-10.03,5.971
2022-12-15,-8.675,5.341
2022-12-16,-8.593,4.974
2022-12-17,-7.684,5.62
2022-12-18,-9.708,6.27
2022-12-19,-11.483,7.621
2022-12-20,-13.442,9.019
2022-12-21,-15.105,9.728
2022-12-22,-15.935,11.257
2022-12-23,-16.936,10.928
2022-12-24,-16.214,12.316
2022-12-25,-16.339,12.533
2022-12-26,-14.304,12.608
2022-12-27,-13.346,11.562
2022-12-28,-12.569,10.63
2022-12-29,-10.827,10.19
2022-12-30,-8.33,9.6
2022-12-31,-8.133,8.793
2023-01-01,-8.363,9.692
2023-01-02,-9.436,9.163
2023-01-03,-10.938,8.786
2023-01-04,-11.581,9.469
2023-01-05,-12.441,9.485
2023-01-06,-13.1,9.675
2023-01-07,-13.015,9.347
2023-01-08,-12.93,9.498
2023-01-09,-12.93,9.17
2023-01-10,-12.234,8.835
2023-01-11,-11.457,8.789
2023-01-12,-10.696,8.32
2023-01-13,-9.147,8.107
2023-01-14,-7.274,8.15
2023-01-15,-6.831,7.972
2023-01-16,-8.097,7.972
2023-01-17,-9.183,8.556
2023-01-18,-11.198,9.367
2023-01-19,-12.887,10.449
2023-01-20,-14.701,11.798
2023-01-21,-16.25,12.51
2023-01-22,-15.814,13.235
2023-01-23,-15.823,13.527
2023-01-24,-15.837,12.516
2023-01-25,-14.97,12.336
2023-01-26,-13.796,11.119
2023-01-27,-12.26,9.19
2023-01-28,-10.213,7.874
2023-01-29,-9.209,6.699
2023-01-30,-9.012,5.82
2023-01-31,-9.685,5.492
2023-02-01,-10.472,6.066
2023-02-02,-11.43,7.32
2023-02-03,-12.448,8.15
2023-02-04,-12.871,9.081
2023-02-05,-12.743,8.845
2023-02-06,-12.93,10.384
2023-02-07,-12.943,9.511
2023-02-08,-13.14,8.927
2023-02-09,-12.726,9.15
2023-02-10,-11.627,8.727
2023-02-11,-9.469,9.186
2023-02-12,-8.937,8.461
2023-02-13,-9.18,6.453
2023-02-14,-9.35,6.05
2023-02-15,-10.246,6.568
2023-02-16,-12.192,6.877
2023-02-17,-13.678,8.671
2023-02-18,-15.072,10.292
2023-02-19,-16.841,11.496
2023-02-20,-17.467,11.841
2023-02-21,-17.254,11.289
2023-02-22,-17.316,11.365
2023-02-23,-15.997,11.604
2023-02-24,-13.438,10.994
2023-02-25,-11.821,9.491
2023-02-26,-10.302,8.018
2023-02-27,-9.173,5.942
2023-02-28,-8.14,4.36
2023-03-01,-8.091,4.934
2023-03-02,-9.711,4.816
2023-03-03,-11.808,5.587
2023-03-04,-12.999,6.204
2023-03-05,-13.586,7.356
2023-03-06,-13.855,8.386
2023-03-07,-13.812,8.77
2023-03-08,-13.432,9.193
2023-03-09,-13.471,9.229
2023-03-10,-13.038,9.449
2023-03-11,-12.799,9.429
2023-03-12,-12.106,9.219
2023-03-13,-11.23,8.153
2023-03-14,-10.105,7.536
2023-03-15,-9.364,5.988
2023-03-16,-10.381,5.187
2023-03-17,-10.469,5.748
2023-03-18,-12.533,7.644
2023-03-19,-14.416,9.626
2023-03-20,-14.938,11.348
2023-03-21,-14.715,12.385
2023-03-22,-13.901,12.818
2023-03-23,-14.629,13.048
2023-03-24,-14.659,12.146
2023-03-25,-14.826,9.974
2023-03-26,-13.363,8.533
2023-03-27,-11.519,6.608
2023-03-28,-9.793,4.301
2023-03-29,-8.297,3.169
2023-03-30,-7.31,3.648
2023-03-31,-8.32,4.787
2023-04-01,-9.895,5.472
2023-04-02,-11.148,6.207
2023-04-03,-11.568,7.11
2023-04-04,-11.68,8.53
2023-04-05,-11.759,9.491
2023-04-06,-12.858,10.318
2023-04-07,-13.432,11.007
2023-04-08,-13.602,11.168
2023-04-09,-13.593,10.548
2023-04-10,-13.031,9.993
2023-04-11,-12.136,8.757
2023-04-12,-10.669,7.178
2023-04-13,-9.925,5.833
2023-04-14,-9.98,5.83
2023-04-15,-10.6,6.421
2023-04-16,-11.775,7.986
2023-04-17,-12.805,9.094
2023-04-18,-12.858,10.407
2023-04-19,-14.501,11.493
2023-04-20,-15.518,11.768
2023-04-21,-15.61,11.598
2023-04-22,-14.806,11.161
2023-04-23,-13.993,9.918
2023-04-24,-12.09,8.95
2023-04-25,-10.417,7.09
2023-04-26,-8.763,5.404
2023-04-27,-7.234,4.528
2023-04-28,-7.093,4.505
2023-04-29,-6.982,4.859
2023-04-30,-7.654,5.705
2023-05-01,-8.379,6.667
2023-05-02,-9.114,7.687
2023-05-03,-11.119,8.75
2023-05-04,-12.933,9.386
2023-05-05,-14.163,10.187
2023-05-06,-14.865,10.856
2023-05-07,-15.44,10.863
2023-05-08,-14.747,10.597
2023-05-09,-14.19,9.547
2023-05-10,-12.864,8.615
2023-05-11,-11.729,7.205
2023-05-12,-10.315,6.886
2023-05-13,-10.361,6.69
2023-05-14,-10.049,6.982
2023-05-15,-10.226,8.097
2023-05-16,-11.644,9.288
2023-05-17,-13.435,9.685
2023-05-18,-14.383,10.276
2023-05-19,-14.38,10.814
2023-05-20,-14.82,10.269
2023-05-21,-14.488,9.623
2023-05-22,-14.019,8.73
2023-05-23,-12.808,7.569
2023-05-24,-11.391,6.407
2023-05-25,-9.741,5.755
2023-05-26,-8.038,5.469
2023-05-27,-6.289,5.791
2023-05-28,-5.659,5.679
2023-05-29,-6.033,5.853
2023-05-30,-7.598,6.686
2023-05-31,-9.921,7.083
2023-06-01,-11.837,7.979
2023-06-02,-13.087,9.373
2023-06-03,-14.593,9.931
2023-06-04,-15.607,10.331
2023-06-05,-15.86,10.751
2023-06-06,-15.607,10.712
2023-06-07,-14.813,10.223
2023-06-08,-13.432,9.265
2023-06-09,-12.224,8.268
2023-06-10,-10.886,8.241
2023-06-11,-8.855,8.333
2023-06-12,-8.576,8.186
2023-06-13,-10.344,8.179
2023-06-14,-11.952,8.422
2023-06-15,-12.513,8.835
2023-06-16,-12.726,9.518
2023-06-17,-13.494,9.528
2023-06-18,-14.203,8.98
2023-06-19,-13.957,8.858
2023-06-20,-13.419,8.422
2023-06-21,-12.72,7.782
2023-06-22,-11.831,7.005
2023-06-23,-10.577,6.453
2023-06-24,-9.17,6.44
2023-06-25,-7.575,5.932
2023-06-26,-6.339,6.07
2023-06-27,-6.663,6.391
2023-06-28,-7.867,6.736
2023-06-29,-9.537,7.116
2023-06-30,-11.775,7.69
2023-07-01,-13.438,8.586
2023-07-02,-14.774,9.531
2023-07-03,-15.42,10.525
2023-07-04,-16.142,11.194
2023-07-05,-16.47,11.306
2023-07-06,-15.738,10.833
2023-07-07,-14.58,9.954
2023-07-08,-13.136,9.285
2023-07-09,-10.696,8.852
2023-07-10,-9.57,8.045
2023-07-11,-9.682,7.336
2023-07-12,-10.246,7.303
2023-07-13,-11.017,6.87
2023-07-14,-11.726,7.192
2023-07-15,-12.526,7.628
2023-07-16,-12.979,8.219
2023-07-17,-13.304,8.573
2023-07-18,-13.471,8.848
2023-07-19,-13.222,8.773
2023-07-20,-13.054,8.35
2023-07-21,-12.185,8.133
2023-07-22,-11.05,7.838
2023-07-23,-9.724,7.487
2023-07-24,-8.012,7.06
2023-07-25,-7.474,6.535
2023-07-26,-7.963,5.932
2023-07-27,-8.832,5.761
2023-07-28,-9.974,5.778
2023-07-29,-11.614,6.424
2023-07-30,-13.638,7.648
2023-07-31,-15.115,9.288
2023-08-01,-16.26,10.823
2023-08-02,-16.673,11.906
2023-08-03,-16.631,12.257
2023-08-04,-16.083,11.68
2023-08-05,-14.649,11.516
2023-08-06,-12.133,10.814
2023-08-07,-11.109,9.551
2023-08-08,-10.131,7.979
2023-08-09,-9.049,6.578
2023-08-10,-8.711,6.171
2023-08-11,-9.232,5.732
2023-08-12,-9.98,6.663
2023-08-13,-11.03,7.198
2023-08-14,-12.362,7.69
2023-08-15,-12.638,8.619
2023-08-16,-12.884,9.419
2023-08-17,-13.304,9.186
2023-08-18,-12.904,9.137
2023-08-19,-12.224,9.085
2023-08-20,-11.109,8.724
2023-08-21,-10.138,8.304
2023-08-22,-10.003,7.618
2023-08-23,-9.436,6.864
2023-08-24,-8.888,5.922
2023-08-25,-8.694,5.512
2023-08-26,-9.236,5.764
2023-08-27,-10.794,6.243
2023-08-28,-13.031,7.493
2023-08-29,-14.36,9.754
2023-08-30,-15.476,11.509
2023-08-31,-15.384,13.094
2023-09-01,-14.974,13.481
2023-09-02,-14.77,13.018
2023-09-03,-13.842,12.385
2023-09-04,-13.045,10.653
2023-09-05,-12.129,9.252
2023-09-06,-10.043,6.716
2023-09-07,-8.688,4.862
2023-09-08,-7.982,4.403
2023-09-09,-7.559,5.709
2023-09-10,-8.54,6.302
2023-09-11,-9.491,7.333
2023-09-12,-10.787,8.051
2023-09-13,-11.677,8.724
2023-09-14,-11.493,9.98
2023-09-15,-11.722,10.066
2023-09-16,-10.922,10.863
2023-09-17,-10.83,10.692
2023-09-18,-11.302,10.269
2023-09-19,-11.611,9.613
2023-09-20,-10.899,9.019
2023-09-21,-9.806,7.451
2023-09-22,-9.131,5.981
2023-09-23,-8.428,4.974
2023-09-24,-8.75,5.614
2023-09-25,-10.154,6.952
2023-09-26,-12.126,8.763
2023-09-27,-13.888,10.443
2023-09-28,-14.472,11.906
2023-09-29,-14.813,13.11
2023-09-30,-14.711,13.314
2023-10-01,-14.593,13.711
2023-10-02,-14.304,12.116
2023-10-03,-13.96,10.085
2023-10-04,-12.861,7.769
2023-10-05,-10.958,6.175
2023-10-06,-7.963,5.154
2023-10-07,-6.791,5.443
2023-10-08,-5.82,6.024
2023-10-09,-6.719,6.375
2023-10-10,-8.412,6.969
2023-10-11,-9.728,7.93
2023-10-12,-10.184,9.314
2023-10-13,-11.184,10.256
2023-10-14,-12.142,11.198
2023-10-15,-12.963,10.712
2023-10-16,-12.395,11.329
2023-10-17,-12.415,11.263
2023-10-18,-12.408,10.157
2023-10-19,-11.749,8.638
2023-10-20,-11.552,6.732
2023-10-21,-10.659,5.144
2023-10-22,-9.675,5.0
2023-10-23,-9.728,5.702
2023-10-24,-10.787,6.959
2023-10-25,-11.795,8.776
2023-10-26,-13.366,10.223
2023-10-27,-15.108,11.371
2023-10-28,-16.175,11.985
2023-10-29,-15.784,12.103
2023-10-30,-15.125,11.991
2023-10-31,-15.226,10.919
2023-11-01,-14.091,9.551
2023-11-02,-12.47,7.953
2023-11-03,-10.607,6.49
2023-11-04,-8.593,5.692
2023-11-05,-6.604,5.21
2023-11-06,-5.873,5.722
2023-11-07,-6.079,6.014
2023-11-08,-6.286,7.382
2023-11-09,-8.238,9.547
2023-11-10,-10.108,9.465
2023-11-11,-12.041,10.151
2023-11-12,-13.366,10.18
2023-11-13,-14.219,10.61
2023-11-14,-14.442,10.801
2023-11-15,-14.265,11.532
2023-11-16,-12.995,11.555
2023-11-17,-13.179,9.029
2023-11-18,-12.736,7.218
2023-11-19,-11.814,6.342
2023-11-20,-10.771,6.565
2023-11-21,-8.681,8.34
2023-11-22,-8.937,8.766
2023-11-23,-11.112,9.865
2023-11-24,-12.877,10.801
2023-11-25,-14.298,11.198
2023-11-26,-14.275,12.011
2023-11-27,-14.885,12.215
2023-11-28,-14.4,11.591
2023-11-29,-14.36,10.171
2023-11-30,-13.232,10.01
2023-12-01,-11.952,8.517
2023-12-02,-10.741,7.71
2023-12-03,-8.99,7.241
2023-12-04,-7.448,6.545
2023-12-05,-4.964,6.788
2023-12-06,-4.931,6.335
2023-12-07,-7.316,6.535
2023-12-08,-9.37,7.231
2023-12-09,-10.82,8.071
2023-12-10,-12.89,7.753
2023-12-11,-12.844,11.237
2023-12-12,-12.953,11.831
2023-12-13,-14.482,11.765
2023-12-14,-14.304,11.699
2023-12-15,-14.682,11.053
2023-12-16,-14.531,10.128
2023-12-17,-12.907,9.918
2023-12-18,-12.287,8.845
2023-12-19,-10.738,8.806
2023-12-20,-8.488,9.35
2023-12-21,-9.177,9.18
2023-12-22,-10.646,9.078
2023-12-23,-10.912,10.026
2023-12-24,-12.205,10.935
2023-12-25,-13.241,10.768
2023-12-26,-13.878,9.649
2023-12-27,-14.085,10.2
2023-12-28,-13.799,10.135
2023-12-29,-13.829,9.488
2023-12-30,-12.766,8.871
2023-12-31,-12.274,7.802
2024-01-01,-10.64,7.867
2024-01-02,-9.354,7.434
2024-01-03,-6.955,7.5
2024-01-04,-5.587,7.657
2024-01-05,-6.939,6.903
2024-01-06,-8.442,6.64
2024-01-07,-9.557,7.992
2024-01-08,-11.739,8.484
2024-01-09,-13.927,9.134
2024-01-10,-15.351,10.246
2024-01-11,-15.61,11.26
2024-01-12,-16.001,11.821
2024-01-13,-16.201,11.86
2024-01-14,-15.581,11.188
2024-01-15,-15.463,10.4
2024-01-16,-14.278,9.82
2024-01-17,-12.277,9.163
2024-01-18,-10.233,8.576
2024-01-19,-9.81,8.11
2024-01-20,-10.469,7.582
2024-01-21,-11.247,7.021
2024-01-22,-12.1,7.936
2024-01-23,-12.848,8.878
2024-01-24,-13.422,9.341
2024-01-25,-13.99,9.705
2024-01-26,-13.533,9.934
2024-01-27,-13.556,10.085
2024-01-28,-12.815,10.118
2024-01-29,-11.086,10.581
2024-01-30,-10.154,9.56
2024-01-31,-10.023,8.596
2024-02-01,-8.625,7.552
2024-02-02,-8.186,6.552
2024-02-03,-8.517,5.758
2024-02-04,-8.625,5.876
2024-02-05,-9.898,5.83
2024-02-06,-12.175,6.611
2024-02-07,-13.793,8.438
2024-02-08,-14.787,10.282
2024-02-09,-15.033,12.448
2024-02-10,-15.994,13.304
2024-02-11,-16.007,12.365
2024-02-12,-15.84,12.671
2024-02-13,-14.488,12.799
2024-02-14,-12.972,11.686
2024-02-15,-11.581,10.643
2024-02-16,-10.187,8.566
2024-02-17,-9.239,6.85
2024-02-18,-9.206,5.604
2024-02-19,-9.656,5.86
2024-02-20,-10.614,7.339
2024-02-21,-11.378,8.035
2024-02-22,-13.097,8.707
2024-02-23,-13.517,8.78
2024-02-24,-13.881,9.16
2024-02-25,-13.543,9.058
2024-02-26,-13.215,9.167
2024-02-27,-12.631,10.223
2024-02-28,-11.437,9.403
2024-02-29,-10.105,8.934
2024-03-01,-10.41,7.795
2024-03-02,-9.708,6.991
2024-03-03,-8.917,6.07
2024-03-04,-8.789,4.511
2024-03-05,-9.715,4.186
2024-03-06,-10.827,6.608
2024-03-07,-12.733,8.225
2024-03-08,-14.16,10.61
2024-03-09,-15.092,12.073
2024-03-10,-14.869,13.087
2024-03-11,-14.295,13.701
2024-03-12,-14.364,13.999
2024-03-13,-14.675,13.363
2024-03-14,-13.986,12.044
2024-03-15,-12.615,9.839
2024-03-16,-9.846,8.182
2024-03-17,-8.711,5.81
2024-03-18,-8.868,4.613
2024-03-19,-9.331,4.623
2024-03-20,-10.764,5.495
2024-03-21,-11.407,6.365
2024-03-22,-11.995,7.556
2024-03-23,-11.627,8.524
2024-03-24,-11.407,9.209
2024-03-25,-11.207,9.997
2024-03-26,-12.073,10.016
2024-03-27,-12.717,9.76
2024-03-28,-12.831,9.577
2024-03-29,-12.044,9.062
2024-03-30,-11.112,8.556
2024-03-31,-10.236,8.314
2024-04-01,-9.15,5.328
2024-04-02,-9.475,3.799
2024-04-03,-10.367,4.068
2024-04-04,-11.299,5.249
2024-04-05,-12.552,7.251
2024-04-06,-13.478,9.488
2024-04-07,-13.825,11.04
2024-04-08,-14.629,12.398
2024-04-09,-15.833,13.465
2024-04-10,-16.306,12.822
2024-04-11,-15.276,12.31
2024-04-12,-13.99,11.696
2024-04-13,-12.9,8.858
2024-04-14,-11.476,6.302
2024-04-15,-9.875,3.97
2024-04-16,-8.789,3.907
2024-04-17,-7.976,4.498
2024-04-18,-8.77,5.121
2024-04-19,-9.278,5.702
2024-04-20,-9.685,6.719
2024-04-21,-10.597,7.825
2024-04-22,-12.333,8.153
2024-04-23,-13.087,8.947
2024-04-24,-13.56,9.547
2024-04-25,-14.006,9.531
2024-04-26,-13.885,9.413
2024-04-27,-13.32,9.193
2024-04-28,-12.579,8.412
2024-04-29,-11.719,6.909
2024-04-30,-10.764,5.322
2024-05-01,-10.112,5.564
2024-05-02,-9.731,5.787
2024-05-03,-10.092,6.414
2024-05-04,-10.39,8.31
2024-05-05,-11.352,10.059
2024-05-06,-13.629,11.627
2024-05-07,-15.266,12.146
2024-05-08,-15.748,12.644
2024-05-09,-16.129,11.998
2024-05-10,-15.522,11.306
2024-05-11,-14.032,9.875
2024-05-12,-12.421,8.858
2024-05-13,-11.056,6.68
2024-05-14,-9.341,5.367
2024-05-15,-8.087,5.118
2024-05-16,-7.254,5.105
2024-05-17,-7.06,5.253
2024-05-18,-7.707,5.564
2024-05-19,-9.183,6.562
2024-05-20,-10.853,7.277
2024-05-21,-12.103,7.933
2024-05-22,-13.077,8.809
2024-05-23,-13.944,8.98
2024-05-24,-14.232,9.446
2024-05-25,-14.045,9.711
2024-05-26,-13.734,9.547
2024-05-27,-13.412,8.55
2024-05-28,-12.572,7.457
2024-05-29,-11.719,6.69
2024-05-30,-10.577,7.018
2024-05-31,-8.967,8.114
2024-06-01,-8.15,8.77
2024-06-02,-9.967,9.393
2024-06-03,-11.775,10.128
2024-06-04,-13.307,10.735
2024-06-05,-14.311,11.165
2024-06-06,-15.052,10.958
2024-06-07,-15.577,10.312
2024-06-08,-14.675,10.243
2024-06-09,-13.615,9.528
2024-06-10,-12.854,8.248
2024-06-11,-11.165,6.867
2024-06-12,-9.948,5.909
2024-06-13,-8.383,5.571
2024-06-14,-6.594,5.469
2024-06-15,-6.542,5.367
2024-06-16,-7.946,5.495
2024-06-17,-9.298,5.869
2024-06-18,-10.705,6.378
2024-06-19,-12.224,7.041
2024-06-20,-13.323,7.887
2024-06-21,-13.947,8.842
2024-06-22,-14.528,9.728
2024-06-23,-14.79,10.23
2024-06-24,-14.81,10.108
2024-06-25,-14.587,9.423
2024-06-26,-13.655,8.786
2024-06-27,-12.349,8.724
2024-06-28,-10.568,8.543
2024-06-29,-9.131,8.501
2024-06-30,-9.98,8.396
2024-07-01,-11.152,8.415
2024-07-02,-12.543,8.071
2024-07-03,-13.652,8.209
2024-07-04,-14.334,8.839
2024-07-05,-14.695,9.475
2024-07-06,-14.61,9.8
2024-07-07,-14.587,9.803
2024-07-08,-14.062,9.173
2024-07-09,-12.858,8.684
2024-07-10,-11.588,7.897
2024-07-11,-10.22,7.293
2024-07-12,-8.228,6.886
2024-07-13,-6.562,6.765
2024-07-14,-6.122,6.102
2024-07-15,-7.218,5.518
2024-07-16,-8.406,5.535
2024-07-17,-9.78,5.682
2024-07-18,-11.447,6.312
2024-07-19,-13.478,7.172
2024-07-20,-14.623,8.501
2024-07-21,-15.525,9.724
2024-07-22,-15.656,10.873
2024-07-23,-16.05,10.928
2024-07-24,-15.289,10.614
2024-07-25,-14.16,10.604
2024-07-26,-11.749,10.64
2024-07-27,-10.781,9.803
2024-07-28,-10.433,8.533
2024-07-29,-9.708,7.694
2024-07-30,-10.364,7.48
2024-07-31,-11.191,6.821
2024-08-01,-12.306,7.218
2024-08-02,-13.435,8.104
2024-08-03,-14.193,8.911
2024-08-04,-14.662,9.157
2024-08-05,-14.081,9.583
2024-08-06,-13.366,9.692
2024-08-07,-12.759,9.098
2024-08-08,-11.391,8.773
2024-08-09,-9.76,8.307
2024-08-10,-8.786,7.736
2024-08-11,-8.238,6.312
2024-08-12,-7.904,4.928
2024-08-13,-7.838,4.383
2024-08-14,-8.284,4.209
2024-08-15,-9.58,4.406
2024-08-16,-10.984,6.437
2024-08-17,-13.176,7.274
2024-08-18,-14.281,9.711
2024-08-19,-15.584,11.309
2024-08-20,-16.26,11.437
2024-08-21,-15.833,12.129
2024-08-22,-14.895,12.333
2024-08-23,-13.711,12.254
2024-08-24,-13.002,11.093
2024-08-25,-12.195,9.347
2024-08-26,-10.728,7.192
2024-08-27,-9.488,6.007
2024-08-28,-9.078,5.591
2024-08-29,-9.849,5.804
2024-08-30,-11.283,6.745
2024-08-31,-11.995,8.196
2024-09-01,-12.707,9.016
2024-09-02,-12.943,9.436
2024-09-03,-13.031,9.58
2024-09-04,-12.434,10.213
2024-09-05,-11.102,10.312
2024-09-06,-10.801,9.793
2024-09-07,-10.728,8.816
2024-09-08,-10.292,8.077
2024-09-09,-9.672,6.749
2024-09-10,-8.537,5.702
2024-09-11,-7.756,4.15
2024-09-12,-7.526,4.793
2024-09-13,-8.087,5.272
2024-09-14,-9.984,6.621
2024-09-15,-11.608,9.265
2024-09-16,-13.547,10.423
2024-09-17,-14.528,12.018
2024-09-18,-14.652,12.844
2024-09-19,-15.433,13.399
2024-09-20,-15.518,13.264
2024-09-21,-15.157,12.539
2024-09-22,-14.157,10.823
2024-09-23,-12.126,9.078
2024-09-24,-10.135,6.493
2024-09-25,-8.671,5.226
2024-09-26,-8.002,5.558
2024-09-27,-8.773,5.968
2024-09-28,-9.898,6.893
2024-09-29,-10.932,7.762
2024-09-30,-11.509,8.717
2024-10-01,-11.165,9.596
2024-10-02,-11.854,10.118
2024-10-03,-11.647,10.541
2024-10-04,-11.358,11.063
2024-10-05,-11.345,10.584
2024-10-06,-11.611,9.606
2024-10-07,-10.469,8.655
2024-10-08,-10.276,7.323
2024-10-09,-9.272,5.597
2024-10-10,-8.386,4.429
2024-10-11,-7.664,5.256
2024-10-12,-6.388,7.195
2024-10-13,-8.586,7.736
2024-10-14,-10.617,9.715
2024-10-15,-12.372,11.138
2024-10-16,-14.931,12.31
2024-10-17,-16.125,13.186
2024-10-18,-16.296,13.743
2024-10-19,-16.112,13.031
2024-10-20,-16.23,11.575
2024-10-21,-15.279,10.719
2024-10-22,-13.123,7.605
2024-10-23,-11.693,5.928
2024-10-24,-9.416,5.089
2024-10-25,-7.956,5.673
2024-10-26,-6.955,6.542
2024-10-27,-7.844,6.834
2024-10-28,-9.167,7.887
2024-10-29,-10.443,9.026
2024-10-30,-11.407,9.646
2024-10-31,-12.133,10.0
2024-11-01,-12.146,10.558
2024-11-02,-12.26,10.83
2024-11-03,-12.799,10.4
2024-11-04,-12.877,9.652
2024-11-05,-11.893,10.03
2024-11-06,-10.801,7.848
2024-11-07,-9.98,6.65
2024-11-08,-8.701,6.089
2024-11-09,-8.205,6.604
2024-11-10,-7.605,8.038
2024-11-11,-8.215,8.645
2024-11-12,-11.161,9.81
2024-11-13,-13.537,11.273
2024-11-14,-14.925,12.149
2024-11-15,-15.587,13.763
2024-11-16,-16.545,12.766
2024-11-17,-15.876,12.231
2024-11-18,-16.043,10.607
2024-11-19,-15.692,9.058
2024-11-20,-13.996,7.185
2024-11-21,-12.503,6.319
2024-11-22,-10.581,5.827
2024-11-23,-8.422,5.863
2024-11-24,-6.745,6.181
2024-11-25,-7.805,6.394
2024-11-26,-9.754,6.896
2024-11-27,-11.243,7.215
2024-11-28,-12.697,7.69
2024-11-29,-13.189,8.658
2024-11-30,-13.871,9.144
2024-12-01,-13.392,9.957
2024-12-02,-13.625,10.052
2024-12-03,-13.56,10.2
2024-12-04,-12.352,9.57
2024-12-05,-12.333,8.737
2024-12-06,-11.319,8.261
2024-12-07,-10.699,7.871
2024-12-08,-9.797,7.907
2024-12-09,-8.009,8.802
2024-12-10,-9.275,9.272
2024-12-11,-10.994,10.289
2024-12-12,-12.917,11.178
2024-12-13,-14.403,11.404
2024-12-14,-15.256,11.837
2024-12-15,-15.922,11.699
2024-12-16,-15.272,11.234
2024-12-17,-15.328,10.541
2024-12-18,-14.652,9.531
2024-12-19,-13.78,9.006
2024-12-20,-11.48,8.602
2024-12-21,-9.301,8.245
2024-12-22,-6.677,8.53
2024-12-23,-4.642,8.094
2024-12-24,-5.482,8.031
2024-12-25,-6.532,7.687
2024-12-26,-8.356,7.986
2024-12-27,-10.259,8.104
2024-12-28,-11.818,8.665
2024-12-29,-13.146,9.075
2024-12-30,-14.206,9.423
2024-12-31,-14.511,10.082
